class,env,response,stat,p_maxtest,r_naive,p_naive,p_naive_adj,thermal,hypothesis,response_type,signed_stat
Aves,bio1_mean,size,-0.0983025270925402,0.0015,-0.424989516284728,4.03378368004567e-52,7.51118340422318e-52,Endotherm,Ambient energy,single trait,-0.0983025270925402
Aves,bio12_mean,size,-0.114398483686878,0.0015,-0.558246183383882,4.33261420360878e-96,1.29978426108264e-95,Endotherm,Water availability,single trait,-0.114398483686878
Aves,npp,size,-0.043548887665933,0.1476,-0.31565728438756,2.82871594522669e-28,3.81876652605633e-28,Endotherm,Productivity,single trait,-0.043548887665933
Aves,elev_range,size,-0.102850786158148,0.0015,-0.429170829718406,3.17769968857386e-53,6.35539937714772e-53,Endotherm,Habitat heterogeneity,single trait,-0.102850786158148
Aves,bio4_mean,size,0.164938605403113,0.0015,0.724122175004283,3.1348280001823e-189,1.53891556372586e-188,Endotherm,Climatic seasonality,single trait,0.164938605403113
Aves,hfp2020,size,-0.0348554610296158,0.152808510638298,-0.254949295342838,1.10582412788686e-18,1.38870936990445e-18,Endotherm,Human pressure,single trait,-0.0348554610296158
Aves,bio1_mean,fecundity,-0.157362391189005,0.0015,-0.546788399019904,1.70908149795905e-91,4.61452004448945e-91,Endotherm,Ambient energy,single trait,-0.157362391189005
Aves,bio12_mean,fecundity,-0.161824400224221,0.0015,-0.606485628114882,1.48471037913475e-117,5.0108975295798e-117,Endotherm,Water availability,single trait,-0.161824400224221
Aves,npp,fecundity,-0.0368845981239628,0.178530612244898,-0.133401628046249,5.09210369090163e-06,5.39163920213114e-06,Endotherm,Productivity,single trait,-0.0368845981239628
Aves,elev_range,fecundity,-0.101381067234462,0.0015,-0.358815642666372,1.33527494115596e-36,1.94877964384923e-36,Endotherm,Habitat heterogeneity,single trait,-0.101381067234462
Aves,bio4_mean,fecundity,0.221114357211513,0.0015,0.900405872759525,0,0,Endotherm,Climatic seasonality,single trait,0.221114357211513
Aves,hfp2020,fecundity,-0.0454204027052699,0.054,-0.188967419141238,8.56107655885993e-11,9.63121112871742e-11,Endotherm,Human pressure,single trait,-0.0454204027052699
Aves,bio1_mean,nocturnality,0.0116073270824895,0.713207547169811,0.183547834962972,2.95777709848279e-10,3.25959108812389e-10,Endotherm,Ambient energy,single trait,0.0116073270824895
Aves,bio12_mean,nocturnality,0.00962407945039157,0.792,0.057529137039979,0.0500276123529142,0.0509715295671201,Endotherm,Water availability,single trait,0.00962407945039157
Aves,npp,nocturnality,0.0271814060542644,0.346235294117647,0.195053128845796,2.03540976705481e-11,2.38939407436869e-11,Endotherm,Productivity,single trait,0.0271814060542644
Aves,elev_range,nocturnality,-0.0346230780073257,0.027,-0.403117289653993,1.35238527307669e-46,2.28215014831691e-46,Endotherm,Habitat heterogeneity,single trait,-0.0346230780073257
Aves,bio4_mean,nocturnality,0.0256183343217803,0.346235294117647,0.320576151059404,3.70401015832747e-29,5.2635933828864e-29,Endotherm,Climatic seasonality,single trait,0.0256183343217803
Aves,hfp2020,nocturnality,0.0120154976272714,0.616846153846154,0.0598220647305982,0.0415525531028969,0.0431507282222391,Endotherm,Human pressure,single trait,0.0120154976272714
Aves,bio1_mean,verticality,0.188936581268992,0.0015,0.686896627469662,7.60873464940736e-163,3.16055131590767e-162,Endotherm,Ambient energy,single trait,0.188936581268992
Aves,bio12_mean,verticality,0.217356259073791,0.0015,0.840588994176332,1.1160514771864e-308,1.17579879204396e-308,Endotherm,Water availability,single trait,0.217356259073791
Aves,npp,verticality,0.178736412877695,0.0015,0.804487859358307,1.80459974945742e-264,1.94896772941401e-263,Endotherm,Productivity,single trait,0.178736412877695
Aves,elev_range,verticality,0.0402230144299748,0.0113684210526316,0.0547971486865894,0.0619687677469421,0.0619687677469421,Endotherm,Habitat heterogeneity,single trait,0.0402230144299748
Aves,bio4_mean,verticality,-0.167827128275923,0.0015,-0.485995342076578,7.43858768866599e-70,1.91277969137125e-69,Endotherm,Climatic seasonality,single trait,-0.167827128275923
Aves,hfp2020,verticality,0.126157233849738,0.0015,0.633251957566119,3.82944562918091e-131,1.47707188554121e-130,Endotherm,Human pressure,single trait,0.126157233849738
Aves,bio1_mean,habitat_breadth,-0.1257261144146,0.0015,-0.383860591943284,4.62890280627966e-42,7.35178680997359e-42,Endotherm,Ambient energy,single trait,-0.1257261144146
Aves,bio12_mean,habitat_breadth,-0.175223502240077,0.0015,-0.695426264576658,1.56334967306056e-168,7.03507352877252e-168,Endotherm,Water availability,single trait,-0.175223502240077
Aves,npp,habitat_breadth,-0.0906423220990115,0.0015,-0.451010893331068,3.01647406107252e-59,7.08215649121375e-59,Endotherm,Productivity,single trait,-0.0906423220990115
Aves,elev_range,habitat_breadth,-0.116664149529183,0.0015,-0.394314777303509,1.74252039993115e-44,2.85139701806916e-44,Endotherm,Habitat heterogeneity,single trait,-0.116664149529183
Aves,bio4_mean,habitat_breadth,0.202340516669318,0.0015,0.747927554128852,1.66698963073274e-208,1.2859634294224e-207,Endotherm,Climatic seasonality,single trait,0.202340516669318
Aves,hfp2020,habitat_breadth,-0.0461397350169433,0.0368780487804878,-0.26653024492474,2.47746659390294e-20,3.26300478221362e-20,Endotherm,Human pressure,single trait,-0.0461397350169433
Aves,bio1_mean,range_size,-0.203987121585459,0.0015,-0.447797509370985,2.47416764173985e-58,5.56687719391466e-58,Endotherm,Ambient energy,single trait,-0.203987121585459
Aves,bio12_mean,range_size,-0.274854316464544,0.0015,-0.742773077104959,3.76773169384756e-204,2.54321889334711e-203,Endotherm,Water availability,single trait,-0.274854316464544
Aves,npp,range_size,-0.104404377196263,0.0015,-0.365491932942769,5.21094880083223e-38,7.81642320124835e-38,Endotherm,Productivity,single trait,-0.104404377196263
Aves,elev_range,range_size,-0.19693527065319,0.0015,-0.458672197982407,1.82247860525555e-61,4.47335657653635e-61,Endotherm,Habitat heterogeneity,single trait,-0.19693527065319
Aves,bio4_mean,range_size,0.327848038491429,0.0015,0.828391000895618,5.44993390903439e-294,7.35741077719643e-293,Endotherm,Climatic seasonality,single trait,0.327848038491429
Aves,hfp2020,range_size,-0.0586975792043828,0.0124615384615385,-0.233722905480239,7.19558949932153e-16,8.63470739918584e-16,Endotherm,Human pressure,single trait,-0.0586975792043828
Aves,bio1_mean,SIZE,-0.0983025270925402,0.0015,-0.424989516284728,4.03378368004578e-52,7.51118340422318e-52,Endotherm,Ambient energy,functional axis,-0.0983025270925402
Aves,bio12_mean,SIZE,-0.114398483686878,0.0015,-0.558246183383882,4.33261420360878e-96,1.29978426108264e-95,Endotherm,Water availability,functional axis,-0.114398483686878
Aves,npp,SIZE,-0.043548887665933,0.1476,-0.31565728438756,2.82871594522691e-28,3.81876652605633e-28,Endotherm,Productivity,functional axis,-0.043548887665933
Aves,elev_range,SIZE,-0.102850786158148,0.0015,-0.429170829718406,3.1776996885735e-53,6.35539937714772e-53,Endotherm,Habitat heterogeneity,functional axis,-0.102850786158148
Aves,bio4_mean,SIZE,0.164938605403113,0.0015,0.724122175004283,3.1348280001823e-189,1.53891556372586e-188,Endotherm,Climatic seasonality,functional axis,0.164938605403113
Aves,hfp2020,SIZE,-0.0348554610296158,0.152808510638298,-0.254949295342837,1.10582412788687e-18,1.38870936990445e-18,Endotherm,Human pressure,functional axis,-0.0348554610296158
Aves,bio1_mean,PACE,0.162920179533475,0.0015,0.549484302436817,1.47015564916885e-92,4.17833710816409e-92,Endotherm,Ambient energy,functional axis,0.162920179533475
Aves,bio12_mean,PACE,0.168208909942366,0.0015,0.613440169240732,5.83835808592513e-121,2.10180891093305e-120,Endotherm,Water availability,functional axis,0.168208909942366
Aves,npp,PACE,0.0392183805454973,0.167625,0.143734073565043,8.7523781487886e-07,9.45256840069169e-07,Endotherm,Productivity,functional axis,0.0392183805454973
Aves,elev_range,PACE,0.106948632485845,0.0015,0.367443900226793,1.98936025746606e-38,3.06929868294764e-38,Endotherm,Habitat heterogeneity,functional axis,0.106948632485845
Aves,bio4_mean,PACE,-0.23027176568355,0.0015,-0.905953653220899,0,0,Endotherm,Climatic seasonality,functional axis,-0.23027176568355
Aves,hfp2020,PACE,0.0473504734242788,0.0501428571428572,0.194831829592366,2.14633326151966e-11,2.46599991749068e-11,Endotherm,Human pressure,functional axis,0.0473504734242788
Aves,bio1_mean,NICHE,-0.184664315921856,0.0015,-0.423197721642655,1.18548834150945e-51,2.13387901471702e-51,Endotherm,Ambient energy,functional axis,-0.184664315921856
Aves,bio12_mean,NICHE,-0.252688890202332,0.0015,-0.730733180592782,2.24403923005942e-194,1.34642353803565e-193,Endotherm,Water availability,functional axis,-0.252688890202332
Aves,npp,NICHE,-0.112003207604119,0.0015,-0.412883931315424,5.1811050151735e-49,9.02515067159255e-49,Endotherm,Productivity,functional axis,-0.112003207604119
Aves,elev_range,NICHE,-0.175143951108832,0.0015,-0.434029744652948,1.58502873507236e-54,3.42366206775629e-54,Endotherm,Habitat heterogeneity,functional axis,-0.175143951108832
Aves,bio4_mean,NICHE,0.296974374862052,0.0015,0.801411301192685,5.72871276941553e-261,5.15584149247398e-260,Endotherm,Climatic seasonality,functional axis,0.296974374862052
Aves,hfp2020,NICHE,-0.0597633865471901,0.0072972972972973,-0.253308506543616,1.86548469308518e-18,2.28945848696818e-18,Endotherm,Human pressure,functional axis,-0.0597633865471901
Mammalia,bio1_mean,size,-0.15449587737576,0.0036,-0.680363439948965,5.02042169003379e-159,2.71102771261825e-158,Endotherm,Ambient energy,single trait,-0.15449587737576
Mammalia,bio12_mean,size,-0.107746755389686,0.0284210526315789,-0.428806736734416,2.92352082522102e-53,4.93344139256047e-53,Endotherm,Water availability,single trait,-0.107746755389686
Mammalia,npp,size,-0.127685999021628,0.00207692307692308,-0.564634586996759,5.55549327997291e-99,1.66664798399206e-98,Endotherm,Productivity,single trait,-0.127685999021628
Mammalia,elev_range,size,0.0445798043119689,0.0920454545454545,0.236686792679442,2.76826177204169e-16,3.55919370691075e-16,Endotherm,Habitat heterogeneity,single trait,0.0445798043119689
Mammalia,bio4_mean,size,0.0257606337497078,0.585849056603774,-0.0746655237813086,0.0108274950625152,0.0110317874221854,Endotherm,Climatic seasonality,single trait,-0.0257606337497078
Mammalia,hfp2020,size,-0.119946210904292,0.00207692307692308,-0.537675188938568,3.47113220755923e-88,7.81004746700871e-88,Endotherm,Human pressure,single trait,-0.119946210904292
Mammalia,bio1_mean,fecundity,-0.285598487270601,0.00207692307692308,-0.563266357411958,2.07379256259116e-98,5.89393675683802e-98,Endotherm,Ambient energy,single trait,-0.285598487270601
Mammalia,bio12_mean,fecundity,-0.337098522762436,0.00207692307692308,-0.797102755244898,7.97662218951734e-257,5.38421997792421e-256,Endotherm,Water availability,single trait,-0.337098522762436
Mammalia,npp,fecundity,-0.185987194308188,0.00207692307692308,-0.437746247303264,1.12343230216793e-55,2.02217814390227e-55,Endotherm,Productivity,single trait,-0.185987194308188
Mammalia,elev_range,fecundity,-0.1071047800151,0.00207692307692308,-0.257609760599683,4.23339198549198e-19,5.86161967221966e-19,Endotherm,Habitat heterogeneity,single trait,-0.1071047800151
Mammalia,bio4_mean,fecundity,0.349060970810827,0.00207692307692308,0.854198356296512,0,0,Endotherm,Climatic seasonality,single trait,0.349060970810827
Mammalia,hfp2020,fecundity,-0.141288092651184,0.00207692307692308,-0.323064087495195,1.1051758209746e-29,1.57051300875338e-29,Endotherm,Human pressure,single trait,-0.141288092651184
Mammalia,bio1_mean,nocturnality,0.191421343275,0.00207692307692308,0.870588656803001,0,0,Endotherm,Ambient energy,single trait,0.191421343275
Mammalia,bio12_mean,nocturnality,0.151812056404229,0.0050625,0.63099661484691,2.80876596535964e-130,1.08338115806729e-129,Endotherm,Water availability,single trait,0.151812056404229
Mammalia,npp,nocturnality,0.118632276411014,0.0154285714285714,0.555239267516161,4.16457600272108e-95,1.07089097212828e-94,Endotherm,Productivity,single trait,0.118632276411014
Mammalia,elev_range,nocturnality,-0.0185042254813725,0.47304,-0.16216765438178,2.64163068819887e-08,2.97183452422373e-08,Endotherm,Habitat heterogeneity,single trait,-0.0185042254813725
Mammalia,bio4_mean,nocturnality,-0.110614437733315,0.024,-0.328786218031117,9.61366001194135e-31,1.40307470444549e-30,Endotherm,Climatic seasonality,single trait,-0.110614437733315
Mammalia,hfp2020,nocturnality,0.116593843159609,0.00635294117647059,0.557111724474714,7.19757018356828e-96,1.94334394956344e-95,Endotherm,Human pressure,single trait,0.116593843159609
Mammalia,bio1_mean,verticality,0.302797653026569,0.00207692307692308,0.811137586276938,5.89250917584482e-273,4.54564993565172e-272,Endotherm,Ambient energy,single trait,0.302797653026569
Mammalia,bio12_mean,verticality,0.316476547996353,0.00207692307692308,0.873433007974096,0,0,Endotherm,Water availability,single trait,0.316476547996353
Mammalia,npp,verticality,0.221755778661068,0.00207692307692308,0.676437907029117,1.5598484708938e-156,7.6574379480241e-156,Endotherm,Productivity,single trait,0.221755778661068
Mammalia,elev_range,verticality,0.0485675390615775,0.05805,0.0799951347145779,0.00632049073338571,0.00669228430593781,Endotherm,Habitat heterogeneity,single trait,0.0485675390615775
Mammalia,bio4_mean,verticality,-0.27095364983015,0.00207692307692308,-0.642981039519349,9.05033035970136e-137,3.75936799556826e-136,Endotherm,Climatic seasonality,single trait,-0.27095364983015
Mammalia,hfp2020,verticality,0.174968378931844,0.00207692307692308,0.551538403523207,1.29486210419561e-93,3.17829789211649e-93,Endotherm,Human pressure,single trait,0.174968378931844
Mammalia,bio1_mean,habitat_breadth,-0.0919509563051719,0.063219512195122,-0.445156931478384,9.83377720773545e-58,1.89651417577755e-57,Endotherm,Ambient energy,single trait,-0.0919509563051719
Mammalia,bio12_mean,habitat_breadth,-0.0773668769827291,0.1236,-0.364817742703796,5.84916489902556e-38,9.02442584421087e-38,Endotherm,Water availability,single trait,-0.0773668769827291
Mammalia,npp,habitat_breadth,-0.025923979413998,0.587,-0.155268067744496,1.01522840587943e-07,1.09644667834978e-07,Endotherm,Productivity,single trait,-0.025923979413998
Mammalia,elev_range,habitat_breadth,-0.0334663687745054,0.166695652173913,-0.0344539220107237,0.240168580760873,0.240168580760873,Endotherm,Habitat heterogeneity,single trait,-0.0334663687745054
Mammalia,bio4_mean,habitat_breadth,0.0955842471801121,0.0401538461538462,0.328955598521005,8.93610389746999e-31,1.3404155846205e-30,Endotherm,Climatic seasonality,single trait,0.0955842471801121
Mammalia,hfp2020,habitat_breadth,-0.0281623804770401,0.504,-0.158375089795016,5.57683208982725e-08,6.14589658878921e-08,Endotherm,Human pressure,single trait,-0.0281623804770401
Mammalia,bio1_mean,range_size,-0.194036519168076,0.0036,-0.444252737714364,1.76415945804265e-57,3.28498657704493e-57,Endotherm,Ambient energy,single trait,-0.194036519168076
Mammalia,bio12_mean,range_size,-0.230250714116863,0.00207692307692308,-0.616605057114675,7.51730692658786e-123,2.5370910877234e-122,Endotherm,Water availability,single trait,-0.230250714116863
Mammalia,npp,range_size,-0.0585119374008799,0.20336170212766,-0.171712337748742,3.72564973902656e-09,4.28053374271136e-09,Endotherm,Productivity,single trait,-0.0585119374008799
Mammalia,elev_range,range_size,-0.173899424102891,0.00207692307692308,-0.405927152592523,2.11928518458471e-47,3.46792121113862e-47,Endotherm,Habitat heterogeneity,single trait,-0.173899424102891
Mammalia,bio4_mean,range_size,0.312098403531002,0.00207692307692308,0.822314554748707,8.39300714400598e-287,9.06444771552646e-286,Endotherm,Climatic seasonality,single trait,0.312098403531002
Mammalia,hfp2020,range_size,-0.0698257424642164,0.0668571428571429,-0.203074865225953,2.67252394242975e-12,3.27991574752742e-12,Endotherm,Human pressure,single trait,-0.0698257424642164
Mammalia,bio1_mean,SIZE,-0.15449587737576,0.0036,-0.680363439948965,5.02042169003208e-159,2.71102771261825e-158,Endotherm,Ambient energy,functional axis,-0.15449587737576
Mammalia,bio12_mean,SIZE,-0.107746755389686,0.0284210526315789,-0.428806736734417,2.92352082522102e-53,4.93344139256047e-53,Endotherm,Water availability,functional axis,-0.107746755389686
Mammalia,npp,SIZE,-0.127685999021628,0.00207692307692308,-0.564634586996759,5.55549327997354e-99,1.66664798399206e-98,Endotherm,Productivity,functional axis,-0.127685999021628
Mammalia,elev_range,SIZE,0.0445798043119689,0.0920454545454545,0.236686792679442,2.76826177204161e-16,3.55919370691075e-16,Endotherm,Habitat heterogeneity,functional axis,0.0445798043119689
Mammalia,bio4_mean,SIZE,0.0257606337497078,0.585849056603774,-0.0746655237813085,0.0108274950625153,0.0110317874221854,Endotherm,Climatic seasonality,functional axis,-0.0257606337497078
Mammalia,hfp2020,SIZE,-0.119946210904292,0.00207692307692308,-0.537675188938568,3.47113220755943e-88,7.81004746700871e-88,Endotherm,Human pressure,functional axis,-0.119946210904292
Mammalia,bio1_mean,PACE,0.313469321610438,0.00207692307692308,0.657821411332487,3.18399184850198e-145,1.43279633182589e-144,Endotherm,Ambient energy,functional axis,0.313469321610438
Mammalia,bio12_mean,PACE,0.354706867786412,0.00207692307692308,0.846145397459928,1.11253692925717e-308,1.11253692930176e-308,Endotherm,Water availability,functional axis,0.354706867786412
Mammalia,npp,PACE,0.2096853139429,0.00207692307692308,0.516926706516084,1.60989646937965e-80,3.34363112871158e-80,Endotherm,Productivity,functional axis,0.2096853139429
Mammalia,elev_range,PACE,0.0965494135636308,0.00207692307692308,0.213890342868156,1.64268477975285e-13,2.06290646759661e-13,Endotherm,Habitat heterogeneity,functional axis,0.0965494135636308
Mammalia,bio4_mean,PACE,-0.349710616837055,0.00207692307692308,-0.821958643409415,2.397350476179e-286,2.1576154285611e-285,Endotherm,Climatic seasonality,functional axis,-0.349710616837055
Mammalia,hfp2020,PACE,0.163993000433305,0.00207692307692308,0.400702266294116,3.9975294540971e-46,6.34901736827187e-46,Endotherm,Human pressure,functional axis,0.163993000433305
Mammalia,bio1_mean,NICHE,-0.140946531996433,0.00635294117647059,-0.487047398453057,2.27023496074018e-70,4.54046992148035e-70,Endotherm,Ambient energy,functional axis,-0.140946531996433
Mammalia,bio12_mean,NICHE,-0.143843205352655,0.0050625,-0.535912710578271,1.63153156050878e-87,3.52410817069897e-87,Endotherm,Water availability,functional axis,-0.143843205352655
Mammalia,npp,NICHE,-0.0411723698851379,0.392326530612245,-0.178955924086945,7.81410738037818e-10,9.17308257696569e-10,Endotherm,Productivity,functional axis,-0.0411723698851379
Mammalia,elev_range,NICHE,-0.0902294357214323,0.0036,-0.23891700952983,1.42746704248109e-16,1.92708050734947e-16,Endotherm,Habitat heterogeneity,functional axis,-0.0902294357214323
Mammalia,bio4_mean,NICHE,0.188129150949034,0.00207692307692308,0.627467091583232,2.02457940604623e-128,7.28848586176644e-128,Endotherm,Climatic seasonality,functional axis,0.188129150949034
Mammalia,hfp2020,NICHE,-0.0470877021065789,0.221625,-0.197661398384727,1.01973087559583e-11,1.22367705071499e-11,Endotherm,Human pressure,functional axis,-0.0470877021065789
Reptilia,bio1_mean,size,0.205220234691274,0.00317647058823529,0.537616370800234,3.02819298189962e-77,7.10967047924321e-77,Ectotherm,Ambient energy,single trait,0.205220234691274
Reptilia,bio12_mean,size,0.219159747374884,0.00317647058823529,0.700133531179056,1.15885053630765e-150,8.93970413723042e-150,Ectotherm,Water availability,single trait,0.219159747374884
Reptilia,npp,size,0.193805317353273,0.00317647058823529,0.672602405829685,6.96527411505186e-135,3.76124802212801e-134,Ectotherm,Productivity,single trait,0.193805317353273
Reptilia,elev_range,size,0.00592374914366863,0.949584905660377,-0.0426272929156527,0.174353076712608,0.181058964278477,Ectotherm,Habitat heterogeneity,single trait,-0.00592374914366863
Reptilia,bio4_mean,size,-0.189495802810941,0.02376,-0.373628308433083,4.8361998388098e-35,8.16108722799165e-35,Ectotherm,Climatic seasonality,single trait,-0.189495802810941
Reptilia,hfp2020,size,0.157676262784926,0.00317647058823529,0.581706542317723,3.90039886089182e-93,1.3163846155511e-92,Ectotherm,Human pressure,single trait,0.157676262784926
Reptilia,bio1_mean,fecundity,0.110677743128976,0.108,0.398270152459696,5.36971798529958e-40,9.66549237353925e-40,Ectotherm,Ambient energy,single trait,0.110677743128976
Reptilia,bio12_mean,fecundity,0.139893774448021,0.054,0.557032433776474,5.9784875399624e-84,1.6991490903051e-83,Ectotherm,Water availability,single trait,0.139893774448021
Reptilia,npp,fecundity,0.149758931855405,0.0162,0.658509305830884,1.88843094904848e-127,9.27047920441979e-127,Ectotherm,Productivity,single trait,0.149758931855405
Reptilia,elev_range,fecundity,-0.013665793615078,0.661224489795918,-0.134995689576165,1.56337602285779e-05,1.75879802571501e-05,Ectotherm,Habitat heterogeneity,single trait,-0.013665793615078
Reptilia,bio4_mean,fecundity,-0.0984656744164855,0.227302325581395,-0.216340602768145,3.09247338703047e-12,3.97603721189632e-12,Ectotherm,Climatic seasonality,single trait,-0.0984656744164855
Reptilia,hfp2020,fecundity,0.164281575235848,0.00317647058823529,0.640395705628304,1.81588070385431e-118,8.17146316734441e-118,Ectotherm,Human pressure,single trait,0.164281575235848
Reptilia,bio1_mean,nocturnality,0.185102051920641,0.0113684210526316,0.538409325782519,1.64391562255154e-77,4.22721160084682e-77,Ectotherm,Ambient energy,single trait,0.185102051920641
Reptilia,bio12_mean,nocturnality,0.197178682165139,0.009,0.712626583314347,1.95335367371599e-158,2.10962196761326e-157,Ectotherm,Water availability,single trait,0.197178682165139
Reptilia,npp,nocturnality,0.13239120309582,0.0164347826086957,0.497733583408738,9.06641417937028e-65,1.74852273459284e-64,Ectotherm,Productivity,single trait,0.13239120309582
Reptilia,elev_range,nocturnality,0.0349181773738702,0.336,0.139388677900432,8.13894807890891e-06,9.35113183534216e-06,Ectotherm,Habitat heterogeneity,single trait,0.0349181773738702
Reptilia,bio4_mean,nocturnality,-0.182113426497454,0.0249230769230769,-0.507742041183937,9.56159031222335e-68,1.91231806244467e-67,Ectotherm,Climatic seasonality,single trait,-0.182113426497454
Reptilia,hfp2020,nocturnality,0.0639483838685886,0.136975609756098,0.269503404873599,2.20377867341133e-18,3.05138585549262e-18,Ectotherm,Human pressure,single trait,0.0639483838685886
Reptilia,bio1_mean,verticality,0.129767791224203,0.0484137931034483,0.583108159673126,1.11050870937058e-93,4.28339073614367e-93,Ectotherm,Ambient energy,single trait,0.129767791224203
Reptilia,bio12_mean,verticality,0.136050672239151,0.052258064516129,0.762526182211225,3.58780645034046e-194,4.84353870795962e-193,Ectotherm,Water availability,single trait,0.136050672239151
Reptilia,npp,verticality,0.0959143100653796,0.0919459459459459,0.563869953760387,2.03449331524891e-86,6.10347994574674e-86,Ectotherm,Productivity,single trait,0.0959143100653796
Reptilia,elev_range,verticality,0.0657308615153966,0.0556363636363636,0.2626422832301,1.66004431922629e-17,2.24105983095549e-17,Ectotherm,Habitat heterogeneity,single trait,0.0657308615153966
Reptilia,bio4_mean,verticality,-0.178092836546273,0.032,-0.77069076917223,7.20760297763704e-201,1.29736853597467e-199,Ectotherm,Climatic seasonality,single trait,-0.178092836546273
Reptilia,hfp2020,verticality,0.0613401664588994,0.151714285714286,0.508707073647485,4.87783716266679e-68,1.05361282713603e-67,Ectotherm,Human pressure,single trait,0.0613401664588994
Reptilia,bio1_mean,habitat_breadth,-0.277544384231183,0.00317647058823529,-0.598397979070215,8.26722061167086e-100,3.43407625407867e-99,Ectotherm,Ambient energy,single trait,-0.277544384231183
Reptilia,bio12_mean,habitat_breadth,-0.251459633065484,0.00317647058823529,-0.520530895992624,1.07058051560686e-71,2.40880616011545e-71,Ectotherm,Water availability,single trait,-0.251459633065484
Reptilia,npp,habitat_breadth,-0.13911652626386,0.0164347826086957,-0.170119685055402,4.80570655074723e-08,5.6414816030511e-08,Ectotherm,Productivity,single trait,-0.13911652626386
Reptilia,elev_range,habitat_breadth,-0.104272124769542,0.00317647058823529,-0.339807029851484,6.62335831330961e-29,1.05194514387859e-28,Ectotherm,Habitat heterogeneity,single trait,-0.104272124769542
Reptilia,bio4_mean,habitat_breadth,0.331937856216898,0.00317647058823529,0.80465080630316,5.00262429449372e-232,1.3507085595133e-230,Ectotherm,Climatic seasonality,single trait,0.331937856216898
Reptilia,hfp2020,habitat_breadth,-0.0816038924185687,0.084,-0.223282604136273,5.89244751306544e-13,7.76078452940326e-13,Ectotherm,Human pressure,single trait,-0.0816038924185687
Reptilia,bio1_mean,range_size,-0.110851382437996,0.0952105263157895,-0.30386926526164,3.61973807021373e-23,5.42960710532059e-23,Ectotherm,Ambient energy,single trait,-0.110851382437996
Reptilia,bio12_mean,range_size,-0.12340870889737,0.084,-0.302985575547827,4.89889856871038e-23,7.14974385703677e-23,Ectotherm,Water availability,single trait,-0.12340870889737
Reptilia,npp,range_size,-0.0631535391435679,0.305590909090909,0.00557486043523722,0.859062667471351,0.859062667471351,Ectotherm,Productivity,single trait,0.0631535391435679
Reptilia,elev_range,range_size,-0.0665856392183288,0.0619411764705882,-0.330799403228903,2.15081047466205e-27,3.31839330376431e-27,Ectotherm,Habitat heterogeneity,single trait,-0.0665856392183288
Reptilia,bio4_mean,range_size,0.161781060775645,0.0462857142857143,0.674443572338947,6.9385003064034e-136,4.68348770682229e-135,Ectotherm,Climatic seasonality,single trait,0.161781060775645
Reptilia,hfp2020,range_size,-0.0279291962887058,0.5985,-0.0677243182815956,0.0308050537414143,0.0332694580407274,Ectotherm,Human pressure,single trait,-0.0279291962887058
Reptilia,bio1_mean,SIZE,0.205220234691274,0.00317647058823529,0.537616370800234,3.02819298189988e-77,7.10967047924321e-77,Ectotherm,Ambient energy,functional axis,0.205220234691274
Reptilia,bio12_mean,SIZE,0.219159747374884,0.00317647058823529,0.700133531179056,1.15885053630738e-150,8.93970413723042e-150,Ectotherm,Water availability,functional axis,0.219159747374884
Reptilia,npp,SIZE,0.193805317353273,0.00317647058823529,0.672602405829685,6.96527411505067e-135,3.76124802212801e-134,Ectotherm,Productivity,functional axis,0.193805317353273
Reptilia,elev_range,SIZE,0.00592374914366863,0.949584905660377,-0.0426272929156527,0.174353076712608,0.181058964278477,Ectotherm,Habitat heterogeneity,functional axis,-0.00592374914366863
Reptilia,bio4_mean,SIZE,-0.18949580281094,0.02376,-0.373628308433083,4.83619983880987e-35,8.16108722799165e-35,Ectotherm,Climatic seasonality,functional axis,-0.18949580281094
Reptilia,hfp2020,SIZE,0.157676262784926,0.00317647058823529,0.581706542317723,3.90039886089216e-93,1.3163846155511e-92,Ectotherm,Human pressure,functional axis,0.157676262784926
Reptilia,bio1_mean,PACE,0.0307589172287148,0.66744,-0.177933557136869,1.10970074787787e-08,1.33164089745345e-08,Ectotherm,Ambient energy,functional axis,-0.0307589172287148
Reptilia,bio12_mean,PACE,0.00203686799709405,0.97,-0.300053514702396,1.32713858711388e-22,1.88593378168815e-22,Ectotherm,Water availability,functional axis,-0.00203686799709405
Reptilia,npp,PACE,-0.0351886034195934,0.5985,-0.507989449329559,8.04786992337052e-68,1.67148067639234e-67,Ectotherm,Productivity,functional axis,-0.0351886034195934
Reptilia,elev_range,PACE,0.0248296615762825,0.52004347826087,0.198288614728368,1.78040334675271e-10,2.23585536568945e-10,Ectotherm,Habitat heterogeneity,functional axis,0.0248296615762825
Reptilia,bio4_mean,PACE,-0.0337010660716743,0.723176470588235,0.0160077130213357,0.610123038092493,0.6216347935282,Ectotherm,Climatic seasonality,functional axis,0.0337010660716743
Reptilia,hfp2020,PACE,-0.088893979717833,0.052258064516129,-0.56556894503751,4.85500402742634e-87,1.54217774988837e-86,Ectotherm,Human pressure,functional axis,-0.088893979717833
Reptilia,bio1_mean,NICHE,-0.256284289549527,0.00317647058823529,-0.549864097095026,2.01038946471109e-81,5.42805155471994e-81,Ectotherm,Ambient energy,functional axis,-0.256284289549527
Reptilia,bio12_mean,NICHE,-0.240723954264338,0.00317647058823529,-0.488164940231977,5.1592573255988e-62,9.606892951115e-62,Ectotherm,Water availability,functional axis,-0.240723954264338
Reptilia,npp,NICHE,-0.131276891806799,0.0164347826086957,-0.132884018212568,2.12452638431723e-05,2.34131479088021e-05,Ectotherm,Productivity,functional axis,-0.131276891806799
Reptilia,elev_range,NICHE,-0.105539848281736,0.00317647058823529,-0.352577114708372,3.89991019287263e-31,6.38167122470067e-31,Ectotherm,Habitat heterogeneity,functional axis,-0.105539848281736
Reptilia,bio4_mean,NICHE,0.317349201254535,0.00317647058823529,0.807140991432723,1.49329549121043e-234,8.06379565253631e-233,Ectotherm,Climatic seasonality,functional axis,0.317349201254535
Reptilia,hfp2020,NICHE,-0.0736223599152832,0.1188,-0.19353598722928,4.86846454961144e-10,5.97493376543223e-10,Ectotherm,Human pressure,functional axis,-0.0736223599152832
Amphibia,bio1_mean,size,-0.210424638954389,0.0324,-0.786679819966853,2.10917325528144e-132,1.42369194731513e-131,Ectotherm,Ambient energy,single trait,-0.210424638954389
Amphibia,bio12_mean,size,-0.16020100286796,0.0932727272727273,-0.657492375630159,1.65175192144977e-78,6.37104312559198e-78,Ectotherm,Water availability,single trait,-0.16020100286796
Amphibia,npp,size,-0.105486757145825,0.0173571428571429,-0.359725904491336,1.6885614223842e-20,2.60520905167853e-20,Ectotherm,Productivity,single trait,-0.105486757145825
Amphibia,elev_range,size,-0.0120517913694379,0.816230769230769,-0.0820646261448748,0.0404307363077012,0.0454845783461638,Ectotherm,Habitat heterogeneity,single trait,-0.0120517913694379
Amphibia,bio4_mean,size,0.179437773294249,0.0972,0.699979721171495,5.25904104622132e-93,2.5817110590541e-92,Ectotherm,Climatic seasonality,single trait,0.179437773294249
Amphibia,hfp2020,size,-0.0630930149820288,0.137189189189189,-0.340570958346819,2.06971379060863e-18,3.0206633700775e-18,Ectotherm,Human pressure,single trait,-0.0630930149820288
Amphibia,bio1_mean,fecundity,-0.23576535807306,0.0140869565217391,-0.515032033863407,1.44235851915886e-43,2.68577103567512e-43,Ectotherm,Ambient energy,single trait,-0.23576535807306
Amphibia,bio12_mean,fecundity,-0.247930080578731,0.0108,-0.655296725386982,8.00618837847278e-78,2.8822278162502e-77,Ectotherm,Water availability,single trait,-0.247930080578731
Amphibia,npp,fecundity,-0.0138735496584506,0.7884,-0.0493572829504257,0.218239507013548,0.226633334206377,Ectotherm,Productivity,single trait,-0.0138735496584506
Amphibia,elev_range,fecundity,-0.250998849017569,0.0054,-0.605695507994119,9.69041155855772e-64,3.07813073036539e-63,Ectotherm,Habitat heterogeneity,single trait,-0.250998849017569
Amphibia,bio4_mean,fecundity,0.35102418731329,0.0054,0.791030867644629,7.35973176731139e-135,6.62375859058025e-134,Ectotherm,Climatic seasonality,single trait,0.35102418731329
Amphibia,hfp2020,fecundity,0.117570116606603,0.0108,0.173375508885587,1.32909105791615e-05,1.7942729281868e-05,Ectotherm,Human pressure,single trait,0.117570116606603
Amphibia,bio1_mean,nocturnality,0.244336207318409,0.0128571428571429,0.606664562895844,5.42991441480381e-64,1.83259611499629e-63,Ectotherm,Ambient energy,single trait,0.244336207318409
Amphibia,bio12_mean,nocturnality,0.242854548915902,0.012,0.703818173610566,1.92308199049293e-94,1.15384919429576e-93,Ectotherm,Water availability,single trait,0.242854548915902
Amphibia,npp,nocturnality,0.0607618898569955,0.167684210526316,0.138822708597826,0.000505754937440841,0.000650256348138224,Ectotherm,Productivity,single trait,0.0607618898569955
Amphibia,elev_range,nocturnality,0.139775141614396,0.01512,0.442809956040525,2.38191036934769e-31,4.14913419176695e-31,Ectotherm,Habitat heterogeneity,single trait,0.139775141614396
Amphibia,bio4_mean,nocturnality,-0.2909201637052,0.0140869565217391,-0.802439289378647,1.36651722555515e-141,1.84479825449945e-140,Ectotherm,Climatic seasonality,single trait,-0.2909201637052
Amphibia,hfp2020,nocturnality,-0.0373520559112074,0.399073170731707,-0.00224298992974193,0.955407451662011,0.955407451662011,Ectotherm,Human pressure,single trait,-0.0373520559112074
Amphibia,bio1_mean,verticality,-0.00745889030083961,0.957,-0.201159189929746,4.04640399562275e-07,5.60271322470842e-07,Ectotherm,Ambient energy,single trait,-0.00745889030083961
Amphibia,bio12_mean,verticality,0.0281483960127193,0.7884,0.0514720300750641,0.199126522592397,0.210839847450773,Ectotherm,Water availability,single trait,0.0281483960127193
Amphibia,npp,verticality,-0.107652290901929,0.0173571428571429,-0.532526612654474,5.40850584062682e-47,1.16823726157539e-46,Ectotherm,Productivity,single trait,-0.107652290901929
Amphibia,elev_range,verticality,0.139651104490464,0.01512,0.517350481253124,5.20513939005776e-44,1.00384831093971e-43,Ectotherm,Habitat heterogeneity,single trait,0.139651104490464
Amphibia,bio4_mean,verticality,-0.0944970447756365,0.424285714285714,-0.264675728366516,1.8358048682267e-11,2.60877533905899e-11,Ectotherm,Climatic seasonality,single trait,-0.0944970447756365
Amphibia,hfp2020,verticality,-0.117129427823939,0.012,-0.52813118847158,4.09941917480918e-46,8.19883834961835e-46,Ectotherm,Human pressure,single trait,-0.117129427823939
Amphibia,bio1_mean,habitat_breadth,-0.286866610059367,0.0054,-0.531758535995237,7.72188675377553e-47,1.6037764796303e-46,Ectotherm,Ambient energy,single trait,-0.286866610059367
Amphibia,bio12_mean,habitat_breadth,-0.275384431685888,0.00981818181818182,-0.573987375612117,5.78545860625797e-56,1.64428823546279e-55,Ectotherm,Water availability,single trait,-0.275384431685888
Amphibia,npp,habitat_breadth,0.0285754968030237,0.576391304347826,0.0900377082310661,0.0244996810503848,0.0287604951461039,Ectotherm,Productivity,single trait,0.0285754968030237
Amphibia,elev_range,habitat_breadth,-0.243557152873405,0.0054,-0.543831886391799,2.57168303411262e-49,6.31231290191279e-49,Ectotherm,Habitat heterogeneity,single trait,-0.243557152873405
Amphibia,bio4_mean,habitat_breadth,0.420991895141991,0.0054,0.90389458623269,1.41945165070445e-231,7.665038913804e-230,Ectotherm,Climatic seasonality,single trait,0.420991895141991
Amphibia,hfp2020,habitat_breadth,0.0319600326538538,0.5136,-0.0319311721815976,0.425890132745626,0.433925795627619,Ectotherm,Human pressure,single trait,-0.0319600326538538
Amphibia,bio1_mean,range_size,-0.120347972734837,0.28485,-0.423036338799358,1.74863994743487e-28,2.95082991129635e-28,Ectotherm,Ambient energy,single trait,-0.120347972734837
Amphibia,bio12_mean,range_size,-0.129864671378922,0.204923076923077,-0.412320795828287,5.22654306888564e-27,8.55252502181287e-27,Ectotherm,Water availability,single trait,-0.129864671378922
Amphibia,npp,range_size,0.0281569730971088,0.5136,0.132481043762418,0.000908681800995127,0.00114113528497062,Ectotherm,Productivity,single trait,0.0281569730971088
Amphibia,elev_range,range_size,-0.179233540999595,0.0054,-0.544025059678089,2.34291057106016e-49,6.02462718272612e-49,Ectotherm,Habitat heterogeneity,single trait,-0.179233540999595
Amphibia,bio4_mean,range_size,0.224818371506505,0.0452903225806452,0.803674367384036,2.40125164594609e-142,4.32225296270296e-141,Ectotherm,Climatic seasonality,single trait,0.224818371506505
Amphibia,hfp2020,range_size,-0.00577581084434962,0.872150943396226,-0.121048932678725,0.00245459553182598,0.00301245815269552,Ectotherm,Human pressure,single trait,-0.00577581084434962
Amphibia,bio1_mean,SIZE,-0.210424638954389,0.0324,-0.786679819966853,2.10917325528168e-132,1.42369194731513e-131,Ectotherm,Ambient energy,functional axis,-0.210424638954389
Amphibia,bio12_mean,SIZE,-0.16020100286796,0.0932727272727273,-0.657492375630159,1.65175192144977e-78,6.37104312559198e-78,Ectotherm,Water availability,functional axis,-0.16020100286796
Amphibia,npp,SIZE,-0.105486757145825,0.0173571428571429,-0.359725904491336,1.68856142238423e-20,2.60520905167853e-20,Ectotherm,Productivity,functional axis,-0.105486757145825
Amphibia,elev_range,SIZE,-0.0120517913694379,0.816230769230769,-0.0820646261448747,0.040430736307701,0.0454845783461638,Ectotherm,Habitat heterogeneity,functional axis,-0.0120517913694379
Amphibia,bio4_mean,SIZE,0.179437773294249,0.0972,0.699979721171495,5.25904104622072e-93,2.5817110590541e-92,Ectotherm,Climatic seasonality,functional axis,0.179437773294249
Amphibia,hfp2020,SIZE,-0.0630930149820288,0.137189189189189,-0.340570958346819,2.06971379060866e-18,3.0206633700775e-18,Ectotherm,Human pressure,functional axis,-0.0630930149820288
Amphibia,bio1_mean,PACE,0.246871269230767,0.012,0.533570719997405,3.32825540102352e-47,7.48857465230293e-47,Ectotherm,Ambient energy,functional axis,0.246871269230767
Amphibia,bio12_mean,PACE,0.256143698256012,0.0108,0.666725159859537,1.86786638835893e-81,8.40539874761518e-81,Ectotherm,Water availability,functional axis,0.256143698256012
Amphibia,npp,PACE,0.0198091977689065,0.699702127659575,0.0612006959932669,0.126721393156923,0.139652147560691,Ectotherm,Productivity,functional axis,0.0198091977689065
Amphibia,elev_range,PACE,0.250796632764665,0.0054,0.597648105922973,1.10228462412515e-61,3.30685387237545e-61,Ectotherm,Habitat heterogeneity,functional axis,0.250796632764665
Amphibia,bio4_mean,PACE,-0.359965278556358,0.0054,-0.801509051856852,5.02192826826749e-141,5.42368252972889e-140,Ectotherm,Climatic seasonality,functional axis,-0.359965278556358
Amphibia,hfp2020,PACE,-0.113575648883586,0.0128571428571429,-0.158182564374665,7.23300946736373e-05,9.5264027131132e-05,Ectotherm,Human pressure,functional axis,-0.113575648883586
Amphibia,bio1_mean,NICHE,-0.247300144087489,0.0128571428571429,-0.511745990664619,6.03448238062384e-43,1.08620682851229e-42,Ectotherm,Ambient energy,functional axis,-0.247300144087489
Amphibia,bio12_mean,NICHE,-0.243609586917489,0.0108,-0.539037761428525,2.54692786417023e-48,5.97974368109533e-48,Ectotherm,Water availability,functional axis,-0.243609586917489
Amphibia,npp,NICHE,0.0316368618763532,0.5136,0.104979954877165,0.00868029341789498,0.010416352101474,Ectotherm,Productivity,functional axis,0.0316368618763532
Amphibia,elev_range,NICHE,-0.243336567347429,0.0054,-0.55691760274459,4.06287962588576e-52,1.09697749898916e-51,Ectotherm,Habitat heterogeneity,functional axis,-0.243336567347429
Amphibia,bio4_mean,NICHE,0.38380193054243,0.0054,0.895357670008847,1.10575669549179e-220,2.98554307782783e-219,Ectotherm,Climatic seasonality,functional axis,0.38380193054243
Amphibia,hfp2020,NICHE,0.0192434062709529,0.7155,-0.0595414102900055,0.137363772968606,0.148352874806094,Ectotherm,Human pressure,functional axis,-0.0192434062709529
