term,estimate,se,p,n,class,predictor,p_adj,thermal
richness,0.000609447956214228,0.0673309506587454,0.992778024516462,3772,Aves,richness,0.992778024516462,Endotherm
SES.FRic,-0.0247298260031378,0.0359449985790254,0.49145861564376,3772,Aves,SES.FRic,0.884625508158768,Endotherm
trait_vol,-0.011708940189069,0.0460664462039545,0.799360343065852,3772,Aves,trait_vol,0.992778024516462,Endotherm
richness,0.0660186616135501,0.0600785344637166,0.271823594256335,3782,Mammalia,richness,0.611603087076753,Endotherm
SES.FRic,0.0596104462987759,0.0264765349666174,0.0243574048641386,3782,Mammalia,SES.FRic,0.109608321888624,Endotherm
trait_vol,0.106330502669422,0.0332259520137055,0.00137320623496251,3782,Mammalia,trait_vol,0.0123588561146626,Endotherm
richness,-0.0117843009958649,0.0924347708612723,0.89855436783589,3606,Reptilia,richness,0.992778024516462,Ectotherm
SES.FRic,-0.00306560114924645,0.0273424947496006,0.910729401136868,3196,Reptilia,SES.FRic,0.992778024516462,Ectotherm
trait_vol,-0.0512748210187651,0.0253957730461248,0.0434841286469976,3606,Reptilia,trait_vol,0.130452385940993,Ectotherm
