class,order,family,n_species,n_cells,thermal,kept20
Amphibia,Anura,Bombinatoridae,5,458,Ectotherm,FALSE
Amphibia,Anura,Bufonidae,21,2663,Ectotherm,TRUE
Amphibia,Anura,Dicroglossidae,52,2030,Ectotherm,TRUE
Amphibia,Anura,Hylidae,8,1416,Ectotherm,FALSE
Amphibia,Anura,Megophryidae,82,1147,Ectotherm,TRUE
Amphibia,Anura,Microhylidae,21,1367,Ectotherm,TRUE
Amphibia,Anura,Ranidae,107,2454,Ectotherm,TRUE
Amphibia,Anura,Rhacophoridae,71,1315,Ectotherm,TRUE
Amphibia,Caudata,Hynobiidae,27,645,Ectotherm,TRUE
Amphibia,Caudata,Salamandridae,36,538,Ectotherm,TRUE
Amphibia,Gymnophiona,Ichthyophiidae,1,26,Ectotherm,FALSE
Aves,Accipitriformes,Accipitridae,47,3772,Endotherm,TRUE
Aves,Anseriformes,Anatidae,34,3403,Endotherm,TRUE
Aves,Apodiformes,Apodidae,8,3470,Endotherm,FALSE
Aves,Apodiformes,Hemiprocnidae,1,79,Endotherm,FALSE
Aves,Bucerotiformes,Bucerotidae,4,98,Endotherm,FALSE
Aves,Bucerotiformes,Upupidae,1,3670,Endotherm,FALSE
Aves,Caprimulgiformes,Caprimulgidae,4,989,Endotherm,FALSE
Aves,Caprimulgiformes,Podargidae,1,4,Endotherm,FALSE
Aves,Charadriiformes,Burhinidae,2,100,Endotherm,FALSE
Aves,Charadriiformes,Charadriidae,13,3721,Endotherm,FALSE
Aves,Charadriiformes,Glareolidae,3,1261,Endotherm,FALSE
Aves,Charadriiformes,Haematopodidae,1,192,Endotherm,FALSE
Aves,Charadriiformes,Ibidorhynchidae,1,1658,Endotherm,FALSE
Aves,Charadriiformes,Jacanidae,2,837,Endotherm,FALSE
Aves,Charadriiformes,Recurvirostridae,2,1872,Endotherm,FALSE
Aves,Charadriiformes,Rostratulidae,1,1287,Endotherm,FALSE
Aves,Charadriiformes,Scolopacidae,16,2353,Endotherm,FALSE
Aves,Charadriiformes,Turnicidae,3,1697,Endotherm,FALSE
Aves,Ciconiiformes,Ciconiidae,5,1852,Endotherm,FALSE
Aves,Columbiformes,Columbidae,27,3759,Endotherm,TRUE
Aves,Coraciiformes,Alcedinidae,10,2166,Endotherm,FALSE
Aves,Coraciiformes,Coraciidae,2,1713,Endotherm,FALSE
Aves,Coraciiformes,Meropidae,6,681,Endotherm,FALSE
Aves,Cuculiformes,Cuculidae,16,3034,Endotherm,FALSE
Aves,Falconiformes,Falconidae,11,3373,Endotherm,FALSE
Aves,Galliformes,Phasianidae,61,3610,Endotherm,TRUE
Aves,Gruiformes,Gruidae,7,1496,Endotherm,FALSE
Aves,Gruiformes,Rallidae,17,3505,Endotherm,FALSE
Aves,Otidiformes,Otididae,2,388,Endotherm,FALSE
Aves,Passeriformes,Aegithalidae,6,2086,Endotherm,FALSE
Aves,Passeriformes,Aegithinidae,2,76,Endotherm,FALSE
Aves,Passeriformes,Alaudidae,12,3772,Endotherm,FALSE
Aves,Passeriformes,Artamidae,1,236,Endotherm,FALSE
Aves,Passeriformes,Bombycillidae,1,70,Endotherm,FALSE
Aves,Passeriformes,Campephagidae,11,1762,Endotherm,FALSE
Aves,Passeriformes,Certhiidae,5,315,Endotherm,FALSE
Aves,Passeriformes,Chloropseidae,3,471,Endotherm,FALSE
Aves,Passeriformes,Cinclidae,2,2429,Endotherm,FALSE
Aves,Passeriformes,Cisticolidae,11,1918,Endotherm,FALSE
Aves,Passeriformes,Corvidae,29,3772,Endotherm,TRUE
Aves,Passeriformes,Dicaeidae,4,1046,Endotherm,FALSE
Aves,Passeriformes,Dicruridae,7,1766,Endotherm,FALSE
Aves,Passeriformes,Emberizidae,24,3249,Endotherm,TRUE
Aves,Passeriformes,Estrildidae,4,875,Endotherm,FALSE
Aves,Passeriformes,Eurylaimidae,2,142,Endotherm,FALSE
Aves,Passeriformes,Fringillidae,50,3683,Endotherm,TRUE
Aves,Passeriformes,Hirundinidae,9,3772,Endotherm,FALSE
Aves,Passeriformes,Irenidae,1,30,Endotherm,FALSE
Aves,Passeriformes,Laniidae,11,3282,Endotherm,FALSE
Aves,Passeriformes,Monarchidae,4,1756,Endotherm,FALSE
Aves,Passeriformes,Motacillidae,16,3727,Endotherm,FALSE
Aves,Passeriformes,Muscicapidae,79,3772,Endotherm,TRUE
Aves,Passeriformes,Nectariniidae,12,1024,Endotherm,FALSE
Aves,Passeriformes,Oriolidae,6,1861,Endotherm,FALSE
Aves,Passeriformes,Paridae,18,3245,Endotherm,FALSE
Aves,Passeriformes,Passeridae,11,3772,Endotherm,FALSE
Aves,Passeriformes,Pittidae,8,600,Endotherm,FALSE
Aves,Passeriformes,Ploceidae,2,69,Endotherm,FALSE
Aves,Passeriformes,Prunellidae,9,2248,Endotherm,FALSE
Aves,Passeriformes,Pycnonotidae,19,1580,Endotherm,FALSE
Aves,Passeriformes,Reguliidae,2,877,Endotherm,FALSE
Aves,Passeriformes,Remizidae,3,680,Endotherm,FALSE
Aves,Passeriformes,Rhipiduridae,3,640,Endotherm,FALSE
Aves,Passeriformes,Sittidae,10,3116,Endotherm,FALSE
Aves,Passeriformes,Sturnidae,17,2483,Endotherm,FALSE
Aves,Passeriformes,Sylviidae,92,3693,Endotherm,TRUE
Aves,Passeriformes,Timaliidae,135,3240,Endotherm,TRUE
Aves,Passeriformes,Troglodytidae,1,1861,Endotherm,FALSE
Aves,Passeriformes,Turdidae,32,2478,Endotherm,TRUE
Aves,Passeriformes,Urocynchramidae,1,293,Endotherm,FALSE
Aves,Passeriformes,Zosteropidae,3,1465,Endotherm,FALSE
Aves,Pelecaniformes,Ardeidae,19,3772,Endotherm,FALSE
Aves,Pelecaniformes,Threskiornithidae,4,718,Endotherm,FALSE
Aves,Piciformes,Indicatoridae,1,35,Endotherm,FALSE
Aves,Piciformes,Picidae,26,3130,Endotherm,TRUE
Aves,Piciformes,Ramphastidae,7,734,Endotherm,FALSE
Aves,Podicipediformes,Podicipedidae,5,2902,Endotherm,FALSE
Aves,Psittaciformes,Psittacidae,6,330,Endotherm,FALSE
Aves,Pteroclidiformes,Pteroclididae,3,1718,Endotherm,FALSE
Aves,Strigiformes,Strigidae,23,3772,Endotherm,TRUE
Aves,Strigiformes,Tytonidae,3,755,Endotherm,FALSE
Aves,Trogoniformes,Trogonidae,3,598,Endotherm,FALSE
Mammalia,Carnivora,Ailuridae,1,172,Endotherm,FALSE
Mammalia,Carnivora,Canidae,7,3755,Endotherm,FALSE
Mammalia,Carnivora,Felidae,12,3497,Endotherm,FALSE
Mammalia,Carnivora,Herpestidae,3,43,Endotherm,FALSE
Mammalia,Carnivora,Mustelidae,20,3737,Endotherm,TRUE
Mammalia,Carnivora,Phocidae,1,14,Endotherm,FALSE
Mammalia,Carnivora,Prionodontidae,1,602,Endotherm,FALSE
Mammalia,Carnivora,Ursidae,5,2204,Endotherm,FALSE
Mammalia,Carnivora,Viverridae,7,1380,Endotherm,FALSE
Mammalia,Cetartiodactyla,Bovidae,18,2764,Endotherm,FALSE
Mammalia,Cetartiodactyla,Camelidae,1,105,Endotherm,FALSE
Mammalia,Cetartiodactyla,Cervidae,17,2773,Endotherm,FALSE
Mammalia,Cetartiodactyla,Moschidae,6,1668,Endotherm,FALSE
Mammalia,Cetartiodactyla,Suidae,1,2592,Endotherm,FALSE
Mammalia,Cetartiodactyla,Tragulidae,1,1,Endotherm,FALSE
Mammalia,Chiroptera,Emballonuridae,2,354,Endotherm,FALSE
Mammalia,Chiroptera,Hipposideridae,8,1051,Endotherm,FALSE
Mammalia,Chiroptera,Megadermatidae,2,313,Endotherm,FALSE
Mammalia,Chiroptera,Molossidae,3,136,Endotherm,FALSE
Mammalia,Chiroptera,Pteropodidae,10,549,Endotherm,FALSE
Mammalia,Chiroptera,Rhinolophidae,24,1510,Endotherm,TRUE
Mammalia,Chiroptera,Vespertilionidae,85,3572,Endotherm,TRUE
Mammalia,Eulipotyphla,Erinaceidae,7,2573,Endotherm,FALSE
Mammalia,Eulipotyphla,Soricidae,58,3181,Endotherm,TRUE
Mammalia,Eulipotyphla,Talpidae,15,1481,Endotherm,FALSE
Mammalia,Lagomorpha,Leporidae,13,3679,Endotherm,FALSE
Mammalia,Lagomorpha,Ochotonidae,22,1964,Endotherm,TRUE
Mammalia,Perissodactyla,Equidae,3,803,Endotherm,FALSE
Mammalia,Perissodactyla,Rhinocerotidae,1,13,Endotherm,FALSE
Mammalia,Pholidota,Manidae,2,767,Endotherm,FALSE
Mammalia,Primates,Cercopithecidae,17,1286,Endotherm,FALSE
Mammalia,Primates,Hylobatidae,5,33,Endotherm,FALSE
Mammalia,Primates,Lorisidae,1,103,Endotherm,FALSE
Mammalia,Proboscidea,Elephantidae,1,18,Endotherm,FALSE
Mammalia,Rodentia,Cricetidae,70,3546,Endotherm,TRUE
Mammalia,Rodentia,Dipodidae,20,1723,Endotherm,TRUE
Mammalia,Rodentia,Gliridae,3,210,Endotherm,FALSE
Mammalia,Rodentia,Hystricidae,3,1035,Endotherm,FALSE
Mammalia,Rodentia,Muridae,56,3412,Endotherm,TRUE
Mammalia,Rodentia,Platacanthomyidae,1,474,Endotherm,FALSE
Mammalia,Rodentia,Sciuridae,49,3472,Endotherm,TRUE
Mammalia,Rodentia,Spalacidae,10,2103,Endotherm,FALSE
Mammalia,Scandentia,Tupaiidae,1,352,Endotherm,FALSE
Reptilia,Crocodylia,Crocodylidae,1,10,Ectotherm,FALSE
Reptilia,Crocodylia,Gavialidae,1,2,Ectotherm,FALSE
Reptilia,Squamata,Agamidae,57,2612,Ectotherm,TRUE
Reptilia,Squamata,Anguidae,4,824,Ectotherm,FALSE
Reptilia,Squamata,Colubridae,152,3149,Ectotherm,TRUE
Reptilia,Squamata,Cylindrophiidae,1,102,Ectotherm,FALSE
Reptilia,Squamata,Dibamidae,1,116,Ectotherm,FALSE
Reptilia,Squamata,Elapidae,19,976,Ectotherm,FALSE
Reptilia,Squamata,Erycidae,1,607,Ectotherm,FALSE
Reptilia,Squamata,Eublepharidae,6,19,Ectotherm,FALSE
Reptilia,Squamata,Gekkonidae,36,2221,Ectotherm,TRUE
Reptilia,Squamata,Homalopsidae,3,99,Ectotherm,FALSE
Reptilia,Squamata,Lacertidae,30,3326,Ectotherm,TRUE
Reptilia,Squamata,Lamprophiidae,1,523,Ectotherm,FALSE
Reptilia,Squamata,Pareatidae,9,724,Ectotherm,FALSE
Reptilia,Squamata,Pythonidae,1,377,Ectotherm,FALSE
Reptilia,Squamata,Scincidae,44,1862,Ectotherm,TRUE
Reptilia,Squamata,Shinisauridae,1,9,Ectotherm,FALSE
Reptilia,Squamata,Sphaerodactylidae,3,374,Ectotherm,FALSE
Reptilia,Squamata,Typhlopidae,5,222,Ectotherm,FALSE
Reptilia,Squamata,Varanidae,3,197,Ectotherm,FALSE
Reptilia,Squamata,Viperidae,37,2102,Ectotherm,TRUE
Reptilia,Squamata,Xenodermatidae,8,776,Ectotherm,FALSE
Reptilia,Squamata,Xenopeltidae,2,339,Ectotherm,FALSE
Reptilia,Testudines,Cheloniidae,4,99,Ectotherm,FALSE
Reptilia,Testudines,Dermochelyidae,1,91,Ectotherm,FALSE
Reptilia,Testudines,Geoemydidae,18,254,Ectotherm,FALSE
Reptilia,Testudines,Platysternidae,1,165,Ectotherm,FALSE
Reptilia,Testudines,Testudinidae,2,23,Ectotherm,FALSE
Reptilia,Testudines,Trionychidae,6,135,Ectotherm,FALSE
