term,estimate,se,p,n,lambda,resid_moran,class,response,response_type,hypothesis,thermal,p_adj
bio1_mean,-0.0719306459722652,0.0197233826939528,0.000265347698866769,3772,0.988582603432618,-0.034898336920643,Aves,size,single trait,Ambient energy,Endotherm,0.000855449305846582
bio12_mean,0.0257936312527754,0.0246948559701413,0.296256849519238,3772,0.988582603432618,-0.034898336920643,Aves,size,single trait,Water availability,Endotherm,0.415529087637373
npp,0.0171668300574212,0.0120818119627742,0.155351044740025,3772,0.988582603432618,-0.034898336920643,Aves,size,single trait,Productivity,Endotherm,0.253499459985077
elev_range,-0.0887200010936191,0.00617391965332043,0,3772,0.988582603432618,-0.034898336920643,Aves,size,single trait,Habitat heterogeneity,Endotherm,0
bio4_mean,0.0165570547348311,0.035399897218025,0.639988578336334,3772,0.988582603432618,-0.034898336920643,Aves,size,single trait,Climatic seasonality,Endotherm,0.712564605160937
hfp2020,0.00329615961665039,0.00759992061070776,0.664499230458649,3772,0.988582603432618,-0.034898336920643,Aves,size,single trait,Human pressure,Endotherm,0.722873973796893
bio1_mean,-0.0638599870409117,0.0171050687202663,0.000188915574815374,3772,0.988957106593378,-0.0552137532723453,Aves,fecundity,single trait,Ambient energy,Endotherm,0.000637590065001886
bio12_mean,-0.0860463129563162,0.0214100155208102,5.84519202329048e-05,3772,0.988957106593378,-0.0552137532723453,Aves,fecundity,single trait,Water availability,Endotherm,0.000225457406612633
npp,0.0149852859642386,0.010471167591561,0.152401611378824,3772,0.988957106593378,-0.0552137532723453,Aves,fecundity,single trait,Productivity,Endotherm,0.253221138906354
elev_range,-0.0107554508803428,0.00535071324677314,0.0444209584319548,3772,0.988957106593378,-0.0552137532723453,Aves,fecundity,single trait,Habitat heterogeneity,Endotherm,0.084910858595595
bio4_mean,0.0402267189135499,0.030711191504228,0.190250278553122,3772,0.988957106593378,-0.0552137532723453,Aves,fecundity,single trait,Climatic seasonality,Endotherm,0.295640720629313
hfp2020,0.00360401612019315,0.00658661181159079,0.584259886324091,3772,0.988957106593378,-0.0552137532723453,Aves,fecundity,single trait,Human pressure,Endotherm,0.678495351860235
bio1_mean,0.0282236588781616,0.0283875997105865,0.320113381467779,3772,0.983958653195689,-0.0243779939767644,Aves,nocturnality,single trait,Ambient energy,Endotherm,0.426005036808177
bio12_mean,0.0895442120590295,0.0356951761140015,0.0121217447450988,3772,0.983958653195689,-0.0243779939767644,Aves,nocturnality,single trait,Water availability,Endotherm,0.0267173149483809
npp,-0.0179318672071259,0.0175439713888592,0.306728878198687,3772,0.983958653195689,-0.0243779939767644,Aves,nocturnality,single trait,Productivity,Endotherm,0.417566021854727
elev_range,-0.0285487766106975,0.00896878695273016,0.00145694328851786,3772,0.983958653195689,-0.0243779939767644,Aves,nocturnality,single trait,Habitat heterogeneity,Endotherm,0.00419599667093145
bio4_mean,0.00433039394689349,0.0506863855548943,0.93191552816267,3772,0.983958653195689,-0.0243779939767644,Aves,nocturnality,single trait,Climatic seasonality,Endotherm,0.958541686110174
hfp2020,0.0106693445662081,0.0110397164339988,0.333818573807564,3772,0.983958653195689,-0.0243779939767644,Aves,nocturnality,single trait,Human pressure,Endotherm,0.439663487453865
bio1_mean,0.028183916155689,0.0117519224453725,0.0164741221206686,3772,0.994491807168181,-0.045346631210051,Aves,verticality,single trait,Ambient energy,Endotherm,0.0355841037806441
bio12_mean,0.0524286959835945,0.0146555332529677,0.000347029700931589,3772,0.994491807168181,-0.045346631210051,Aves,verticality,single trait,Water availability,Endotherm,0.00110232963825328
npp,-0.00675998889869511,0.00713603299660763,0.343484157516563,3772,0.994491807168181,-0.045346631210051,Aves,verticality,single trait,Productivity,Endotherm,0.446943241105889
elev_range,0.0380681460763081,0.00364523810054309,0,3772,0.994491807168181,-0.045346631210051,Aves,verticality,single trait,Habitat heterogeneity,Endotherm,0
bio4_mean,0.00894828291937742,0.0211803496194468,0.67267439228322,3772,0.994491807168181,-0.045346631210051,Aves,verticality,single trait,Climatic seasonality,Endotherm,0.722873973796893
hfp2020,0.00670754789421698,0.00448766601690212,0.135002441858253,3772,0.994491807168181,-0.045346631210051,Aves,verticality,single trait,Human pressure,Endotherm,0.231266150711741
bio1_mean,-0.0387052084507003,0.016273300605933,0.0173856622978374,3772,0.991450699640918,-0.0212063217597216,Aves,habitat_breadth,single trait,Ambient energy,Endotherm,0.0368166966307146
bio12_mean,-0.0250973293255401,0.02033100857964,0.217040473606331,3772,0.991450699640918,-0.0212063217597216,Aves,habitat_breadth,single trait,Water availability,Endotherm,0.325560710409497
npp,-0.0081672248760299,0.00992225932101153,0.410438909247486,3772,0.991450699640918,-0.0212063217597216,Aves,habitat_breadth,single trait,Productivity,Endotherm,0.506598882271183
elev_range,-0.0763998472118973,0.00506935399972391,0,3772,0.991450699640918,-0.0212063217597216,Aves,habitat_breadth,single trait,Habitat heterogeneity,Endotherm,0
bio4_mean,0.031546352660464,0.0292771493196647,0.281253530440043,3772,0.991450699640918,-0.0212063217597216,Aves,habitat_breadth,single trait,Climatic seasonality,Endotherm,0.399676069572693
hfp2020,0.014862063556523,0.00624051447038699,0.0172402028128935,3772,0.991450699640918,-0.0212063217597216,Aves,habitat_breadth,single trait,Human pressure,Endotherm,0.0368166966307146
bio1_mean,-0.0519558006444306,0.0146083181567613,0.000375699576215194,3772,0.992465416176278,-0.0315533479523129,Aves,range_size,single trait,Ambient energy,Endotherm,0.00117610302119539
bio12_mean,-0.0498999496563094,0.0182387323304819,0.00622036896373568,3772,0.992465416176278,-0.0315533479523129,Aves,range_size,single trait,Water availability,Endotherm,0.0144473085609345
npp,-0.00704762167790919,0.00889400319704503,0.428126591733465,3772,0.992465416176278,-0.0315533479523129,Aves,range_size,single trait,Productivity,Endotherm,0.522459569573042
elev_range,-0.0853607782931739,0.00454373283795491,0,3772,0.992465416176278,-0.0315533479523129,Aves,range_size,single trait,Habitat heterogeneity,Endotherm,0
bio4_mean,-0.0230164824214793,0.0262995473969292,0.381483326791243,3772,0.992465416176278,-0.0315533479523129,Aves,range_size,single trait,Climatic seasonality,Endotherm,0.481873675946834
hfp2020,0.0226151579655195,0.00559356603157585,5.27567090193859e-05,3772,0.992465416176278,-0.0315533479523129,Aves,range_size,single trait,Human pressure,Endotherm,0.000211585065610365
bio1_mean,-0.0719306459273666,0.0197233826946544,0.00026534770135056,3772,0.988582603461247,-0.0348983369705194,Aves,SIZE,functional axis,Ambient energy,Endotherm,0.000855449305846582
bio12_mean,0.0257936312715158,0.0246948559704357,0.296256849174073,3772,0.988582603461247,-0.0348983369705194,Aves,SIZE,functional axis,Water availability,Endotherm,0.415529087637373
npp,0.0171668300533501,0.0120818119626024,0.155351044832127,3772,0.988582603461247,-0.0348983369705194,Aves,SIZE,functional axis,Productivity,Endotherm,0.253499459985077
elev_range,-0.0887200010940252,0.00617391965321907,0,3772,0.988582603461247,-0.0348983369705194,Aves,SIZE,functional axis,Habitat heterogeneity,Endotherm,0
bio4_mean,0.0165570546257468,0.0353998972202418,0.639988580561212,3772,0.988582603461247,-0.0348983369705194,Aves,SIZE,functional axis,Climatic seasonality,Endotherm,0.712564605160937
hfp2020,0.00329615961676838,0.00759992061058604,0.664499230442329,3772,0.988582603461247,-0.0348983369705194,Aves,SIZE,functional axis,Human pressure,Endotherm,0.722873973796893
bio1_mean,0.0641503365041984,0.0165902365496649,0.000110294319724646,3772,0.989581364815919,-0.0544442547662048,Aves,PACE,functional axis,Ambient energy,Endotherm,0.000390550378041371
bio12_mean,0.0815058283240341,0.0207553273889234,8.60178773798292e-05,3772,0.989581364815919,-0.0544442547662048,Aves,PACE,functional axis,Water availability,Endotherm,0.000309664358567385
npp,-0.0151261479648732,0.0101453425843171,0.135975931205515,3772,0.989581364815919,-0.0544442547662048,Aves,PACE,functional axis,Productivity,Endotherm,0.231266150711741
elev_range,0.0149207139332015,0.00518398082249701,0.00399907383454479,3772,0.989581364815919,-0.0544442547662048,Aves,PACE,functional axis,Habitat heterogeneity,Endotherm,0.00981590850297357
bio4_mean,-0.0369356119620819,0.0298033899427039,0.215231054987816,3772,0.989581364815919,-0.0544442547662048,Aves,PACE,functional axis,Climatic seasonality,Endotherm,0.325104250890688
hfp2020,-0.0035835260696783,0.00638142677735146,0.574418824949891,3772,0.989581364815919,-0.0544442547662048,Aves,PACE,functional axis,Human pressure,Endotherm,0.670672790211764
bio1_mean,-0.0451402407256955,0.0144016742210798,0.00172220892951036,3772,0.992938612540626,-0.0230126420764174,Aves,NICHE,functional axis,Ambient energy,Endotherm,0.00489469906281892
bio12_mean,-0.0376969378475143,0.0179755064935869,0.0359822466141002,3772,0.992938612540626,-0.0230126420764174,Aves,NICHE,functional axis,Water availability,Endotherm,0.0693943327557647
npp,-0.00776109120787318,0.00876247191618212,0.375768761504844,3772,0.992938612540626,-0.0230126420764174,Aves,NICHE,functional axis,Productivity,Endotherm,0.478238841284088
elev_range,-0.082076887910484,0.00447641680279053,0,3772,0.992938612540626,-0.0230126420764174,Aves,NICHE,functional axis,Habitat heterogeneity,Endotherm,0
bio4_mean,0.000864091116805244,0.0259349702698516,0.973421314127258,3772,0.992938612540626,-0.0230126420764174,Aves,NICHE,functional axis,Climatic seasonality,Endotherm,0.982518709586391
hfp2020,0.0191045851348462,0.00551074829326155,0.00052672101934248,3772,0.992938612540626,-0.0230126420764174,Aves,NICHE,functional axis,Human pressure,Endotherm,0.00160241887574614
bio1_mean,-0.123354950129058,0.0191022574311558,1.06368691632497e-10,3782,0.987195958315567,-0.0296708200166313,Mammalia,size,single trait,Ambient energy,Endotherm,7.92263358366184e-10
bio12_mean,-0.0940877029607138,0.0235522365263567,6.47346346733801e-05,3782,0.987195958315567,-0.0296708200166313,Mammalia,size,single trait,Water availability,Endotherm,0.000241080708624853
npp,0.0179205011776283,0.0116087617700312,0.12265986481085,3782,0.987195958315567,-0.0296708200166313,Mammalia,size,single trait,Productivity,Endotherm,0.213665570960835
elev_range,0.00605691295245934,0.0059814228556475,0.31124134036394,3782,0.987195958315567,-0.0296708200166313,Mammalia,size,single trait,Habitat heterogeneity,Endotherm,0.417566021854727
bio4_mean,-0.111684678175255,0.0343736753875559,0.00115756925474075,3782,0.987195958315567,-0.0296708200166313,Mammalia,size,single trait,Climatic seasonality,Endotherm,0.0033788507982821
hfp2020,-0.00142799342842546,0.00739258955768679,0.846829338835015,3782,0.987195958315567,-0.0296708200166313,Mammalia,size,single trait,Human pressure,Endotherm,0.892268961909757
bio1_mean,0.0105660951202894,0.0140488290720443,0.451992174853274,3782,0.991960216100268,-0.0187209574326374,Mammalia,fecundity,single trait,Ambient energy,Endotherm,0.540825814129181
bio12_mean,-0.127988400190618,0.0172537118530332,1.18793863634892e-13,3782,0.991960216100268,-0.0187209574326374,Mammalia,fecundity,single trait,Water availability,Endotherm,1.4255263636187e-12
npp,0.0064591520769373,0.00846975945252802,0.445693989021992,3782,0.991960216100268,-0.0187209574326374,Mammalia,fecundity,single trait,Productivity,Endotherm,0.537820679490225
elev_range,-0.0142575826216586,0.00436288462258565,0.00108338817131748,3782,0.991960216100268,-0.0187209574326374,Mammalia,fecundity,single trait,Habitat heterogeneity,Endotherm,0.00325016451395244
bio4_mean,0.0585398392020399,0.0253874537292239,0.0211186211283732,3782,0.991960216100268,-0.0187209574326374,Mammalia,fecundity,single trait,Climatic seasonality,Endotherm,0.0430341713559302
hfp2020,0.00649084074734087,0.00539242068116264,0.228706701420915,3782,0.991960216100268,-0.0187209574326374,Mammalia,fecundity,single trait,Human pressure,Endotherm,0.33836059936245
bio1_mean,0.260336187886866,0.0223647279383854,0,3782,0.979257653684541,-0.0211664031867047,Mammalia,nocturnality,single trait,Ambient energy,Endotherm,0
bio12_mean,0.154416820225713,0.0278155413062809,2.83296148761991e-08,3782,0.979257653684541,-0.0211664031867047,Mammalia,nocturnality,single trait,Water availability,Endotherm,1.74834194664543e-07
npp,-0.0350373437067439,0.0138254879098954,0.0112685955149399,3782,0.979257653684541,-0.0211664031867047,Mammalia,nocturnality,single trait,Productivity,Endotherm,0.0250929549611032
elev_range,0.0393485984994844,0.0071282299495158,3.38791552589868e-08,3782,0.979257653684541,-0.0211664031867047,Mammalia,nocturnality,single trait,Habitat heterogeneity,Endotherm,2.03274931553921e-07
bio4_mean,-0.0394635406613951,0.0398046967416341,0.321476023146911,3782,0.979257653684541,-0.0211664031867047,Mammalia,nocturnality,single trait,Climatic seasonality,Endotherm,0.426005036808177
hfp2020,-0.0251151520968553,0.00880984158820925,0.00436085230801608,3782,0.979257653684541,-0.0211664031867047,Mammalia,nocturnality,single trait,Human pressure,Endotherm,0.0104660455392386
bio1_mean,0.0779722206321333,0.0148426521474234,1.49435287921662e-07,3782,0.990654818678003,-0.0104222676978373,Mammalia,verticality,single trait,Ambient energy,Endotherm,8.7237897813727e-07
bio12_mean,0.133242666415181,0.0182460598370784,2.8244073746464e-13,3782,0.990654818678003,-0.0104222676978373,Mammalia,verticality,single trait,Water availability,Endotherm,3.05035996461811e-12
npp,-0.00909152699449237,0.00896619720008227,0.310593234647322,3782,0.990654818678003,-0.0104222676978373,Mammalia,verticality,single trait,Productivity,Endotherm,0.417566021854727
elev_range,0.011978141322978,0.00461890306561553,0.00950634009373141,3782,0.990654818678003,-0.0104222676978373,Mammalia,verticality,single trait,Habitat heterogeneity,Endotherm,0.0213892652108957
bio4_mean,-0.0368819292138401,0.0267959161993169,0.168697479749812,3782,0.990654818678003,-0.0104222676978373,Mammalia,verticality,single trait,Climatic seasonality,Endotherm,0.265975588510652
hfp2020,-0.0046054867318834,0.00570876581850482,0.419816596863063,3782,0.990654818678003,-0.0104222676978373,Mammalia,verticality,single trait,Human pressure,Endotherm,0.515229459786486
bio1_mean,-0.136090800390821,0.0312305473691817,1.31485515990626e-05,3782,0.977952095481274,-0.0214347952798002,Mammalia,habitat_breadth,single trait,Ambient energy,Endotherm,5.68017429079504e-05
bio12_mean,-0.118118932513481,0.038904642741308,0.00239648695689398,3782,0.977952095481274,-0.0214347952798002,Mammalia,habitat_breadth,single trait,Water availability,Endotherm,0.0061623950320131
npp,0.0560956793710616,0.0193673559209672,0.00377466595934872,3782,0.977952095481274,-0.0214347952798002,Mammalia,habitat_breadth,single trait,Productivity,Endotherm,0.00937158445079683
elev_range,-0.0402101453798382,0.00998686511579078,5.66606577412365e-05,3782,0.977952095481274,-0.0214347952798002,Mammalia,habitat_breadth,single trait,Habitat heterogeneity,Endotherm,0.000222521855856493
bio4_mean,-0.228413540759996,0.0554600273816947,3.81304269039262e-05,3782,0.977952095481274,-0.0214347952798002,Mammalia,habitat_breadth,single trait,Climatic seasonality,Endotherm,0.000158387927139386
hfp2020,0.0127462425310242,0.012342845268963,0.301752421505131,3782,0.977952095481274,-0.0214347952798002,Mammalia,habitat_breadth,single trait,Human pressure,Endotherm,0.417566021854727
bio1_mean,-0.0115795961235764,0.0219395336417237,0.597640996191154,3782,0.98734870750404,-0.0241449052080451,Mammalia,range_size,single trait,Ambient energy,Endotherm,0.690323289718124
bio12_mean,-0.12179908180715,0.0270465891986353,6.69042743761672e-06,3782,0.98734870750404,-0.0241449052080451,Mammalia,range_size,single trait,Water availability,Endotherm,3.01069234692752e-05
npp,0.0309383149971026,0.013329215232425,0.0202819594028558,3782,0.98734870750404,-0.0241449052080451,Mammalia,range_size,single trait,Productivity,Endotherm,0.0417228879144463
elev_range,-0.0586909201525468,0.00686781931980508,0,3782,0.98734870750404,-0.0241449052080451,Mammalia,range_size,single trait,Habitat heterogeneity,Endotherm,0
bio4_mean,-0.120881688946523,0.0394857246416555,0.00220302861661237,3782,0.98734870750404,-0.0241449052080451,Mammalia,range_size,single trait,Climatic seasonality,Endotherm,0.00581615547442963
hfp2020,0.024216527014027,0.0084881155246755,0.00433096905434582,3782,0.98734870750404,-0.0241449052080451,Mammalia,range_size,single trait,Human pressure,Endotherm,0.0104660455392386
bio1_mean,-0.123354950122826,0.0191022574313328,1.06368691632497e-10,3782,0.987195958322092,-0.0296708200279058,Mammalia,SIZE,functional axis,Ambient energy,Endotherm,7.92263358366184e-10
bio12_mean,-0.0940877029566919,0.0235522365264302,6.47346347233402e-05,3782,0.987195958322092,-0.0296708200279058,Mammalia,SIZE,functional axis,Water availability,Endotherm,0.000241080708624853
npp,0.017920501178204,0.0116087617699967,0.122659864797721,3782,0.987195958322092,-0.0296708200279058,Mammalia,SIZE,functional axis,Productivity,Endotherm,0.213665570960835
elev_range,0.00605691295306313,0.00598142285562719,0.311241340314063,3782,0.987195958322092,-0.0296708200279058,Mammalia,SIZE,functional axis,Habitat heterogeneity,Endotherm,0.417566021854727
bio4_mean,-0.111684678175168,0.0343736753881175,0.00115756925496702,3782,0.987195958322092,-0.0296708200279058,Mammalia,SIZE,functional axis,Climatic seasonality,Endotherm,0.0033788507982821
hfp2020,-0.00142799342828356,0.00739258955766191,0.846829338849538,3782,0.987195958322092,-0.0296708200279058,Mammalia,SIZE,functional axis,Human pressure,Endotherm,0.892268961909757
bio1_mean,0.0101516199454561,0.0135336145332284,0.453192001654545,3782,0.99214335987274,-0.0209645495477832,Mammalia,PACE,functional axis,Ambient energy,Endotherm,0.540825814129181
bio12_mean,0.140434448722757,0.0166188643947368,0,3782,0.99214335987274,-0.0209645495477832,Mammalia,PACE,functional axis,Water availability,Endotherm,0
npp,-0.00943843708936748,0.00815696669771048,0.247230959623469,3782,0.99214335987274,-0.0209645495477832,Mammalia,PACE,functional axis,Productivity,Endotherm,0.358401928044761
elev_range,0.0127906224517943,0.00420172529307461,0.00233349767918933,3782,0.99214335987274,-0.0209645495477832,Mammalia,PACE,functional axis,Habitat heterogeneity,Endotherm,0.00607271685186622
bio4_mean,-0.0371647775334369,0.024459465940355,0.12865088929039,3782,0.99214335987274,-0.0209645495477832,Mammalia,PACE,functional axis,Climatic seasonality,Endotherm,0.222308736693793
hfp2020,-0.0060801027710612,0.00519324422457914,0.241690602364198,3782,0.99214335987274,-0.0209645495477832,Mammalia,PACE,functional axis,Human pressure,Endotherm,0.355137211637188
bio1_mean,-0.082251419558204,0.0267442338909297,0.0021016235999991,3782,0.983525463531862,-0.0239992684831753,Mammalia,NICHE,functional axis,Ambient energy,Endotherm,0.00567438371999758
bio12_mean,-0.130578044408229,0.0330982868403189,7.97466406361469e-05,3782,0.983525463531862,-0.0239992684831753,Mammalia,NICHE,functional axis,Water availability,Endotherm,0.000291953803006911
npp,0.0479942983268082,0.0163733740022461,0.00337611211070277,3782,0.983525463531862,-0.0239992684831753,Mammalia,NICHE,functional axis,Productivity,Endotherm,0.00857929665778585
elev_range,-0.0536631847970671,0.0084386547761386,2.02792893588821e-10,3782,0.983525463531862,-0.0239992684831753,Mammalia,NICHE,functional axis,Habitat heterogeneity,Endotherm,1.46010883383951e-09
bio4_mean,-0.193669516239954,0.0479089806713556,5.28962664025912e-05,3782,0.983525463531862,-0.0239992684831753,Mammalia,NICHE,functional axis,Climatic seasonality,Endotherm,0.000211585065610365
hfp2020,0.0197571907799486,0.0104294322712809,0.0581760787480683,3782,0.983525463531862,-0.0239992684831753,Mammalia,NICHE,functional axis,Human pressure,Endotherm,0.108327870772265
bio1_mean,0.120982012402162,0.0316075433978527,0.000129382536096845,3196,0.938022995511559,-0.0370872181149521,Reptilia,size,single trait,Ambient energy,Ectotherm,0.000443597270408245
bio12_mean,0.348782861877921,0.0458017817870754,2.64233079860787e-14,3196,0.938022995511559,-0.0370872181149521,Reptilia,size,single trait,Water availability,Ectotherm,3.35731442646647e-13
npp,-0.115747871132987,0.0230983060617428,5.41203936776924e-07,3196,0.938022995511559,-0.0370872181149521,Reptilia,size,single trait,Productivity,Ectotherm,2.85122074009306e-06
elev_range,-0.0116460174143036,0.0131658238010278,0.376391680640254,3196,0.938022995511559,-0.0370872181149521,Reptilia,size,single trait,Habitat heterogeneity,Ectotherm,0.478238841284088
bio4_mean,-0.0809569179042406,0.057763171816162,0.161055127145625,3196,0.938022995511559,-0.0370872181149521,Reptilia,size,single trait,Climatic seasonality,Ectotherm,0.255793437231287
hfp2020,0.0985570626827368,0.0152563351831284,1.04651398658007e-10,3196,0.938022995511559,-0.0370872181149521,Reptilia,size,single trait,Human pressure,Ectotherm,7.92263358366184e-10
bio1_mean,0.178938679223466,0.0294147368448736,1.17733489624072e-09,3196,0.960190518264309,-0.0458771351778419,Reptilia,fecundity,single trait,Ambient energy,Ectotherm,7.70619204812109e-09
bio12_mean,0.203134543771754,0.0417249896010506,1.12497184145965e-06,3196,0.960190518264309,-0.0458771351778419,Reptilia,fecundity,single trait,Water availability,Ectotherm,5.65102134314617e-06
npp,-0.124771048596776,0.0203616811600857,8.91371643163552e-10,3196,0.960190518264309,-0.0458771351778419,Reptilia,fecundity,single trait,Productivity,Ectotherm,6.21084757817185e-09
elev_range,0.0134220375227068,0.011541036210914,0.244836097255022,3196,0.960190518264309,-0.0458771351778419,Reptilia,fecundity,single trait,Habitat heterogeneity,Ectotherm,0.357328358155978
bio4_mean,-0.134999530931595,0.0571814018064084,0.0182306807315424,3196,0.960190518264309,-0.0458771351778419,Reptilia,fecundity,single trait,Climatic seasonality,Ectotherm,0.0378637215193574
hfp2020,0.0644246003216397,0.0134098678762378,1.55318606842592e-06,3196,0.960190518264309,-0.0458771351778419,Reptilia,fecundity,single trait,Human pressure,Ectotherm,7.29322153869561e-06
bio1_mean,0.141301805449594,0.0278817132007123,4.02223222284448e-07,3196,0.961479188026296,-0.00325854134748671,Reptilia,nocturnality,single trait,Ambient energy,Ectotherm,2.22769784649848e-06
bio12_mean,0.277170060680102,0.0394883372543344,2.23399077015074e-12,3196,0.961479188026296,-0.00325854134748671,Reptilia,nocturnality,single trait,Water availability,Ectotherm,2.098008723272e-11
npp,-0.0540569896760828,0.0192375141475956,0.00495449013746141,3196,0.961479188026296,-0.00325854134748671,Reptilia,nocturnality,single trait,Productivity,Ectotherm,0.0117601084581502
elev_range,0.00544751277828535,0.0109012369838841,0.617275695411403,3196,0.961479188026296,-0.00325854134748671,Reptilia,nocturnality,single trait,Habitat heterogeneity,Ectotherm,0.70513225241724
bio4_mean,0.0233260362431365,0.0543774496472361,0.667948514356641,3196,0.961479188026296,-0.00325854134748671,Reptilia,nocturnality,single trait,Climatic seasonality,Ectotherm,0.722873973796893
hfp2020,-0.00609163798719789,0.0126676042377584,0.630599517763026,3196,0.961479188026296,-0.00325854134748671,Reptilia,nocturnality,single trait,Human pressure,Ectotherm,0.712564605160937
bio1_mean,0.00218277909992492,0.0240727039793354,0.927751276010096,3196,0.979075116819671,-0.0078671170922732,Reptilia,verticality,single trait,Ambient energy,Ectotherm,0.958541686110174
bio12_mean,-0.0806240617126144,0.0333484683435283,0.0156222046828471,3196,0.979075116819671,-0.0078671170922732,Reptilia,verticality,single trait,Water availability,Ectotherm,0.034084810217121
npp,0.0304787542194596,0.0159237048661405,0.0556138722813175,3196,0.979075116819671,-0.0078671170922732,Reptilia,verticality,single trait,Productivity,Ectotherm,0.104457360110996
elev_range,0.0418024722772106,0.00900220540298207,3.42421230481449e-06,3196,0.979075116819671,-0.0078671170922732,Reptilia,verticality,single trait,Habitat heterogeneity,Ectotherm,1.5736805485956e-05
bio4_mean,-0.107124372674259,0.0487143049405292,0.0278755634473442,3196,0.979075116819671,-0.0078671170922732,Reptilia,verticality,single trait,Climatic seasonality,Ectotherm,0.0562721654637977
hfp2020,-0.000160871590771451,0.0104678386172484,0.987738451953207,3196,0.979075116819671,-0.0078671170922732,Reptilia,verticality,single trait,Human pressure,Ectotherm,0.987738451953207
bio1_mean,-0.18418779600077,0.0194897201996122,0,3196,0.984068299857358,-0.038471081328962,Reptilia,habitat_breadth,single trait,Ambient energy,Ectotherm,0
bio12_mean,-0.00708515758278043,0.0268517338164266,0.791886102987278,3196,0.984068299857358,-0.038471081328962,Reptilia,habitat_breadth,single trait,Water availability,Ectotherm,0.842598020912572
npp,0.0211297666353582,0.0127641133782343,0.0978425387504804,3196,0.984068299857358,-0.038471081328962,Reptilia,habitat_breadth,single trait,Productivity,Ectotherm,0.176116569750865
elev_range,-0.0407456431035762,0.00721314413050569,1.61567195178236e-08,3196,0.984068299857358,-0.038471081328962,Reptilia,habitat_breadth,single trait,Habitat heterogeneity,Ectotherm,1.02642688701468e-07
bio4_mean,-0.0637213747270385,0.0397237357246162,0.108689070075477,3196,0.984068299857358,-0.038471081328962,Reptilia,habitat_breadth,single trait,Climatic seasonality,Ectotherm,0.19402346393639
hfp2020,0.0244778063760568,0.00838823148124502,0.00352156835376349,3196,0.984068299857358,-0.038471081328962,Reptilia,habitat_breadth,single trait,Human pressure,Ectotherm,0.00884486935363854
bio1_mean,-0.165993834333222,0.0335763095880897,7.66227943316267e-07,3196,0.958061879623316,0.0156203610720275,Reptilia,range_size,single trait,Ambient energy,Ectotherm,3.9406008513408e-06
bio12_mean,0.0491622131631528,0.0477490897840723,0.30320027090903,3196,0.958061879623316,0.0156203610720275,Reptilia,range_size,single trait,Water availability,Ectotherm,0.417566021854727
npp,0.0211370520838102,0.023368258007887,0.365719839630487,3196,0.958061879623316,0.0156203610720275,Reptilia,range_size,single trait,Productivity,Ectotherm,0.473026858444223
elev_range,0.0165461198251245,0.0132507093385927,0.211775950968598,3196,0.958061879623316,0.0156203610720275,Reptilia,range_size,single trait,Habitat heterogeneity,Ectotherm,0.322138066262093
bio4_mean,0.177767949670473,0.0649147075707889,0.00617229855412393,3196,0.958061879623316,0.0156203610720275,Reptilia,range_size,single trait,Climatic seasonality,Ectotherm,0.0144473085609345
hfp2020,0.0243788307002141,0.0153938633959858,0.113268375844295,3196,0.958061879623316,0.0156203610720275,Reptilia,range_size,single trait,Human pressure,Ectotherm,0.200540731003014
bio1_mean,0.120982012497063,0.0316075434400204,0.000129382537202405,3196,0.938022996029667,-0.037087218607032,Reptilia,SIZE,functional axis,Ambient energy,Ectotherm,0.000443597270408245
bio12_mean,0.348782860812106,0.0458017818321475,2.64233079860787e-14,3196,0.938022996029667,-0.037087218607032,Reptilia,SIZE,functional axis,Water availability,Ectotherm,3.35731442646647e-13
npp,-0.115747871448169,0.0230983060652003,5.41203900583653e-07,3196,0.938022996029667,-0.037087218607032,Reptilia,SIZE,functional axis,Productivity,Ectotherm,2.85122074009306e-06
elev_range,-0.0116460174466179,0.0131658238008714,0.376391679310307,3196,0.938022996029667,-0.037087218607032,Reptilia,SIZE,functional axis,Habitat heterogeneity,Ectotherm,0.478238841284088
bio4_mean,-0.0809569183729632,0.0577631719808974,0.161055125915257,3196,0.938022996029667,-0.037087218607032,Reptilia,SIZE,functional axis,Climatic seasonality,Ectotherm,0.255793437231287
hfp2020,0.0985570625142622,0.0152563351843043,1.04651398658007e-10,3196,0.938022996029667,-0.037087218607032,Reptilia,SIZE,functional axis,Human pressure,Ectotherm,7.92263358366184e-10
bio1_mean,-0.21098737211839,0.0295223504134014,8.888445535149e-13,3196,0.970758261511996,-0.0394705315681187,Reptilia,PACE,functional axis,Ambient energy,Ectotherm,9.14240112186755e-12
bio12_mean,-0.046153176868784,0.0413225341137139,0.264036686048923,3196,0.970758261511996,-0.0394705315681187,Reptilia,PACE,functional axis,Water availability,Ectotherm,0.380212827910449
npp,0.102493690662334,0.01990393007906,2.61293538361684e-07,3196,0.970758261511996,-0.0394705315681187,Reptilia,PACE,functional axis,Productivity,Ectotherm,1.48524748121378e-06
elev_range,-0.0348376147182209,0.0112625578157789,0.00197994592202333,3196,0.970758261511996,-0.0394705315681187,Reptilia,PACE,functional axis,Habitat heterogeneity,Ectotherm,0.00548292716867999
bio4_mean,0.182599208490344,0.0588241393835969,0.0019082374798276,3196,0.970758261511996,-0.0394705315681187,Reptilia,PACE,functional axis,Climatic seasonality,Ectotherm,0.00535297786549042
hfp2020,-0.0188459319413266,0.0130934829505062,0.150055119219404,3196,0.970758261511996,-0.0394705315681187,Reptilia,PACE,functional axis,Human pressure,Ectotherm,0.251255083344119
bio1_mean,-0.185115175977797,0.0214687924255379,0,3196,0.981585487122714,-0.0209525465533157,Reptilia,NICHE,functional axis,Ambient energy,Ectotherm,0
bio12_mean,0.00321890005150254,0.0296563715684743,0.913567419869596,3196,0.981585487122714,-0.0209525465533157,Reptilia,NICHE,functional axis,Water availability,Ectotherm,0.94870462832612
npp,0.0209974107919199,0.0141277914485293,0.137213366893325,3196,0.981585487122714,-0.0209525465533157,Reptilia,NICHE,functional axis,Productivity,Ectotherm,0.231547556632485
elev_range,-0.0283628812892602,0.00798523568153079,0.000382437855165119,3196,0.981585487122714,-0.0209525465533157,Reptilia,NICHE,functional axis,Habitat heterogeneity,Ectotherm,0.00118009395308094
bio4_mean,-0.0216941968443914,0.0436113430967944,0.618876050436226,3196,0.981585487122714,-0.0209525465533157,Reptilia,NICHE,functional axis,Climatic seasonality,Ectotherm,0.70513225241724
hfp2020,0.0251949338076694,0.00928570883434833,0.00666163335805337,3196,0.981585487122714,-0.0209525465533157,Reptilia,NICHE,functional axis,Human pressure,Ectotherm,0.0153075830355269
bio1_mean,-0.297289140952393,0.0614477315213,1.31098303235433e-06,1994,0.934735087833221,-0.0010880684474058,Amphibia,size,single trait,Ambient energy,Ectotherm,6.29271855530078e-06
bio12_mean,0.00308589103833196,0.0451146474164385,0.945466354521243,1994,0.934735087833221,-0.0010880684474058,Amphibia,size,single trait,Water availability,Ectotherm,0.958782782411298
npp,-0.0184060820192454,0.0222313672949438,0.407708460135827,1994,0.934735087833221,-0.0010880684474058,Amphibia,size,single trait,Productivity,Ectotherm,0.506120847142629
elev_range,0.0259529638307902,0.02038640926312,0.202999507592625,1994,0.934735087833221,-0.0010880684474058,Amphibia,size,single trait,Habitat heterogeneity,Ectotherm,0.310977969078065
bio4_mean,0.21218772906029,0.0975039634608559,0.0295406126540332,1994,0.934735087833221,-0.0010880684474058,Amphibia,size,single trait,Climatic seasonality,Ectotherm,0.0585391957180841
hfp2020,-0.00857628020105174,0.0198237872699504,0.665286702548351,1994,0.934735087833221,-0.0010880684474058,Amphibia,size,single trait,Human pressure,Ectotherm,0.722873973796893
bio1_mean,-0.449197410622682,0.0399241630633518,0,1994,0.966121808658552,-0.0303084657020206,Amphibia,fecundity,single trait,Ambient energy,Ectotherm,0
bio12_mean,-0.197807814978911,0.0292805377297741,1.42237333022877e-11,1994,0.966121808658552,-0.0303084657020206,Amphibia,fecundity,single trait,Water availability,Ectotherm,1.27213439782281e-10
npp,0.0109036798816637,0.0140984701138457,0.439288917236678,1994,0.966121808658552,-0.0303084657020206,Amphibia,fecundity,single trait,Productivity,Ectotherm,0.533069697320913
elev_range,-0.12829601237527,0.0128822747876735,0,1994,0.966121808658552,-0.0303084657020206,Amphibia,fecundity,single trait,Habitat heterogeneity,Ectotherm,0
bio4_mean,0.115629837329413,0.0815244555885871,0.156089945268589,1994,0.966121808658552,-0.0303084657020206,Amphibia,fecundity,single trait,Climatic seasonality,Ectotherm,0.253499459985077
hfp2020,0.0387162145258784,0.0125829869577832,0.00209186540401451,1994,0.966121808658552,-0.0303084657020206,Amphibia,fecundity,single trait,Human pressure,Ectotherm,0.00567438371999758
bio1_mean,0.14754725873647,0.0356884449327011,3.56015526683517e-05,1994,0.976296062342842,-0.0439858123619905,Amphibia,nocturnality,single trait,Ambient energy,Ectotherm,0.000150783046595372
bio12_mean,0.0970060389864899,0.0261787909892751,0.000210957310082582,1994,0.976296062342842,-0.0439858123619905,Amphibia,nocturnality,single trait,Water availability,Ectotherm,0.000701027368889812
npp,0.0137365951671196,0.0125295765480103,0.272932831221867,1994,0.976296062342842,-0.0439858123619905,Amphibia,nocturnality,single trait,Productivity,Ectotherm,0.390420473800817
elev_range,0.0503797406321859,0.0114417535350396,1.066910516756e-05,1994,0.976296062342842,-0.0439858123619905,Amphibia,nocturnality,single trait,Habitat heterogeneity,Ectotherm,4.70311574733259e-05
bio4_mean,-0.0494875546171968,0.0791524038596764,0.531827600156703,1994,0.976296062342842,-0.0439858123619905,Amphibia,nocturnality,single trait,Climatic seasonality,Ectotherm,0.624319356705695
hfp2020,-0.00934879228247838,0.011189994944229,0.40345880447761,1994,0.976296062342842,-0.0439858123619905,Amphibia,nocturnality,single trait,Human pressure,Ectotherm,0.506120847142629
bio1_mean,0.0650952830326349,0.0634929871845457,0.305251943513042,1994,0.956760562261379,-0.0340955644347192,Amphibia,verticality,single trait,Ambient energy,Ectotherm,0.417566021854727
bio12_mean,-0.0797788572159981,0.0465696795012993,0.0866928040432371,1994,0.956760562261379,-0.0340955644347192,Amphibia,verticality,single trait,Water availability,Ectotherm,0.157358367002851
npp,-0.0271891541544397,0.0225632393037698,0.228195589173725,1994,0.956760562261379,-0.0340955644347192,Amphibia,verticality,single trait,Productivity,Ectotherm,0.33836059936245
elev_range,0.0150823626702163,0.020633701049049,0.464804990270721,1994,0.956760562261379,-0.0340955644347192,Amphibia,verticality,single trait,Habitat heterogeneity,Ectotherm,0.551636691749866
bio4_mean,0.0134449041537887,0.119762542915596,0.910614866119673,1994,0.956760562261379,-0.0340955644347192,Amphibia,verticality,single trait,Climatic seasonality,Ectotherm,0.94870462832612
hfp2020,-0.0392151793137152,0.02012907407604,0.0513927172760853,1994,0.956760562261379,-0.0340955644347192,Amphibia,verticality,single trait,Human pressure,Ectotherm,0.0973756748388985
bio1_mean,0.0107182829317794,0.0252555619862261,0.671279247624073,1994,0.986910610754086,-0.0250447294956169,Amphibia,habitat_breadth,single trait,Ambient energy,Ectotherm,0.722873973796893
bio12_mean,-0.034375279200729,0.0185339838916935,0.0636367716510176,1994,0.986910610754086,-0.0250447294956169,Amphibia,habitat_breadth,single trait,Water availability,Ectotherm,0.11748327074034
npp,-0.000672290753911635,0.00882382367040548,0.939267611259939,1994,0.986910610754086,-0.0250447294956169,Amphibia,habitat_breadth,single trait,Productivity,Ectotherm,0.958782782411298
elev_range,-0.057232052197272,0.00805480913029616,1.20037313422472e-12,1994,0.986910610754086,-0.0250447294956169,Amphibia,habitat_breadth,single trait,Habitat heterogeneity,Ectotherm,1.17854816814791e-11
bio4_mean,0.142593928903969,0.0601025871206222,0.017667732668927,1994,0.986910610754086,-0.0250447294956169,Amphibia,habitat_breadth,single trait,Climatic seasonality,Ectotherm,0.0370507791892061
hfp2020,0.00313181821995742,0.00788670369959101,0.691292955042494,1994,0.986910610754086,-0.0250447294956169,Amphibia,habitat_breadth,single trait,Human pressure,Ectotherm,0.739204347966231
bio1_mean,-0.0195756435669657,0.0413051622635695,0.63555175866278,1994,0.966009093638955,-0.0331706005483616,Amphibia,range_size,single trait,Ambient energy,Ectotherm,0.712564605160937
bio12_mean,-0.0548315226507102,0.0302933538269852,0.0702929603058944,1994,0.966009093638955,-0.0331706005483616,Amphibia,range_size,single trait,Water availability,Ectotherm,0.128671859542993
npp,0.00722777979125387,0.0145871748797514,0.620255222033684,1994,0.966009093638955,-0.0331706005483616,Amphibia,range_size,single trait,Productivity,Ectotherm,0.70513225241724
elev_range,-0.0814450988347937,0.0133289335668845,9.93825244322011e-10,1994,0.966009093638955,-0.0331706005483616,Amphibia,range_size,single trait,Habitat heterogeneity,Ectotherm,6.70832039917357e-09
bio4_mean,0.226387025074771,0.0842642250778651,0.00721762655485891,1994,0.966009093638955,-0.0331706005483616,Amphibia,range_size,single trait,Climatic seasonality,Ectotherm,0.0164106035352582
hfp2020,0.0171209044046552,0.0130190787590834,0.188488842950478,1994,0.966009093638955,-0.0331706005483616,Amphibia,range_size,single trait,Human pressure,Ectotherm,0.295026015052922
bio1_mean,-0.297289141031837,0.0614477315157225,1.31098302103005e-06,1994,0.934735087727142,-0.00108806836261661,Amphibia,SIZE,functional axis,Ambient energy,Ectotherm,6.29271855530078e-06
bio12_mean,0.00308589101786491,0.0451146474126568,0.945466354877808,1994,0.934735087727142,-0.00108806836261661,Amphibia,SIZE,functional axis,Water availability,Ectotherm,0.958782782411298
npp,-0.0184060820168767,0.0222313672950413,0.407708460198229,1994,0.934735087727142,-0.00108806836261661,Amphibia,SIZE,functional axis,Productivity,Ectotherm,0.506120847142629
elev_range,0.0259529638474439,0.0203864092635284,0.202999507311813,1994,0.934735087727142,-0.00108806836261661,Amphibia,SIZE,functional axis,Habitat heterogeneity,Ectotherm,0.310977969078065
bio4_mean,0.212187729536159,0.0975039633783173,0.0295406121515618,1994,0.934735087727142,-0.00108806836261661,Amphibia,SIZE,functional axis,Climatic seasonality,Ectotherm,0.0585391957180841
hfp2020,-0.00857628020254063,0.0198237872700241,0.665286702494947,1994,0.934735087727142,-0.00108806836261661,Amphibia,SIZE,functional axis,Human pressure,Ectotherm,0.722873973796893
bio1_mean,0.451151447563079,0.039269966034723,0,1994,0.966249029104189,-0.0292800547653602,Amphibia,PACE,functional axis,Ambient energy,Ectotherm,0
bio12_mean,0.194422353579546,0.028800763430736,1.47237777525788e-11,1994,0.966249029104189,-0.0292800547653602,Amphibia,PACE,functional axis,Water availability,Ectotherm,1.27213439782281e-10
npp,-0.0100546444481585,0.0138663488823596,0.468383832945448,1994,0.966249029104189,-0.0292800547653602,Amphibia,PACE,functional axis,Productivity,Ectotherm,0.552846491345447
elev_range,0.125551597791332,0.0126700579327013,0,1994,0.966249029104189,-0.0292800547653602,Amphibia,PACE,functional axis,Habitat heterogeneity,Ectotherm,0
bio4_mean,-0.112994477016644,0.080274714823287,0.159250328315442,1994,0.966249029104189,-0.0292800547653602,Amphibia,PACE,functional axis,Climatic seasonality,Ectotherm,0.255793437231287
hfp2020,-0.0378792942635699,0.0123759040561516,0.00220798494862606,1994,0.966249029104189,-0.0292800547653602,Amphibia,PACE,functional axis,Human pressure,Ectotherm,0.00581615547442963
bio1_mean,0.000754433242486439,0.0280171351936517,0.978517507411912,1994,0.983657644602782,-0.0274521155135877,Amphibia,NICHE,functional axis,Ambient energy,Ectotherm,0.983068751632432
bio12_mean,-0.043742932355852,0.0205574070574632,0.033350112315317,1994,0.983657644602782,-0.0274521155135877,Amphibia,NICHE,functional axis,Water availability,Ectotherm,0.0648975158568332
npp,0.00156977012563485,0.00980193239384668,0.872763666304181,1994,0.983657644602782,-0.0274521155135877,Amphibia,NICHE,functional axis,Productivity,Ectotherm,0.915130834571374
elev_range,-0.0662423256761442,0.00894846946198608,1.33448807559944e-13,1994,0.983657644602782,-0.0274521155135877,Amphibia,NICHE,functional axis,Habitat heterogeneity,Ectotherm,1.51710223331305e-12
bio4_mean,0.139346377107409,0.0654216028489528,0.0331736791917521,1994,0.983657644602782,-0.0274521155135877,Amphibia,NICHE,functional axis,Climatic seasonality,Ectotherm,0.0648975158568332
hfp2020,0.00832997029088271,0.00875877627007927,0.34158269689966,1994,0.983657644602782,-0.0274521155135877,Amphibia,NICHE,functional axis,Human pressure,Ectotherm,0.446943241105889
